Workbook

Sheet Claude Log
A1: Turn # | B1: Date | C1: User Request | D1: Action Taken | E1: Details | F1: Outcome
A2: 1 | B2: 46323 | C2: 서브토탈(합계 행) 범위 누락 여부 점검 요청 | D2: 설문조사 DB 시트 B5:AB5의 SUM 범위를 각 문항 데이터(6~16행)와 대조 (읽기 전용) | E2: SUBTOTAL 함수는 없고 5행 SUM이 합계 역할. C~E열은 6~11/15/13행까지, F~AB열은 6~16행까지 합산. 각 열의 마지막 응답값 행이 합계 범위 끝 이내인지 확인 | F2: 누락 없음. 수정 없음
A3: 2 | B3: 46323 | C3: 합계가 SUM이 아니라 COUNTIF라고 정정, COUNTIF 범위 누락 재점검 요청 | D3: 설문조사 DB 시트 B6:AB16의 COUNTIF 160개 범위를 응답 데이터 끝 행과 대조 (읽기 전용) | E3: 응답 데이터 17~540행(U열 530행). COUNTIF 범위는 17행 시작, 끝 행 565~708로 모두 540행 이상. 집계 열과 A열 조건 셀 참조 정상. V열은 =U+T 수식. 끝 행이 열마다 달라 통일 권장 | F3: 누락 없음. 수정 없음. 끝 행 통일(예: 687행)은 사용자 확인 대기
A4: 3 | B4: 46323 | C4: COUNTIF 끝 행이 문항별로 달라 9999로 통일 요청 | D4: 설문조사 DB 시트 B6:AB16의 COUNTIF 160개 끝 행을 9999로 변경 | E4: 예: =COUNTIF($C$17:$C$9999,$A6). 시작 행(17)·집계 열·조건 셀은 그대로. V열 =U+T 수식은 변경 없음 | F4: 160개 모두 변경 확인, 오류 없음. 5행 합계(B~F열 497/506/512/502/504) 변경 전과 동일
A5: 4 | B5: 46323 | C5: 설문조사 DB AC열(건의사항)을 설문조사 결과 시트 선택 영역(A1170:I1184)에 정리 요청 | D5: AC열 응답 42건을 11개 주제로 분류해 설문조사 결과!A1170:A1180에 요약, I열에 건수·DB 행번호 기재 | E5: DB AC17:AC576의 비어있지 않은 응답 42건 기준. 관련부서(G열)는 근거 없어 비워둠. 복합 의견은 주된 주제 1곳에만 배정 | F5: 완료. 사용자 확인 대기(분류 기준 조정 가능)

Sheet 설문조사 결과
A1: 2026년도 옥천군 예산편성 설문조사결과
A2: Ⅰ. 기본사항
C8: 응답항목 | D8: 응답수 | E8: 비율
C9: 합 계 | D9: ='설문조사 DB'!B5 -> 497 | E9: ='설문조사 DB'!B5/'설문조사 DB'!$B$5 -> 1
C10: ① 남 | D10: ='설문조사 DB'!B6 -> 246 | E10: ='설문조사 DB'!B6/'설문조사 DB'!$B$5 -> 0.49496982
C11: ② 여 | D11: ='설문조사 DB'!B7 -> 251 | E11: ='설문조사 DB'!B7/'설문조사 DB'!$B$5 -> 0.50503018
C46: 응답항목 | D46: 응답수 | E46: 비율
C47: 합 계 | D47: ='설문조사 DB'!C5 -> 506 | E47: ='설문조사 DB'!C5/'설문조사 DB'!$C$5 -> 1
C48: ① 19세 이하 | D48: ='설문조사 DB'!C6 -> 1 | E48: ='설문조사 DB'!C6/'설문조사 DB'!$C$5 -> 0.0019762846
C49: ② 20대 | D49: ='설문조사 DB'!C7 -> 23 | E49: ='설문조사 DB'!C7/'설문조사 DB'!$C$5 -> 0.045454545
C50: ③ 30대 | D50: ='설문조사 DB'!C8 -> 53 | E50: ='설문조사 DB'!C8/'설문조사 DB'!$C$5 -> 0.10474308
C51: ④ 40대 | D51: ='설문조사 DB'!C9 -> 73 | E51: ='설문조사 DB'!C9/'설문조사 DB'!$C$5 -> 0.14426877
C52: ⑤ 50대 | D52: ='설문조사 DB'!C10 -> 106 | E52: ='설문조사 DB'!C10/'설문조사 DB'!$C$5 -> 0.20948617
C53: ⑥ 60대 이상 | D53: ='설문조사 DB'!C11 -> 250 | E53: ='설문조사 DB'!C11/'설문조사 DB'!$C$5 -> 0.49407115
C91: 응답항목 | D91: 응답수 | E91: 비율
C92: 합 계 | D92: ='설문조사 DB'!D5 -> 512 | E92: ='설문조사 DB'!D5/'설문조사 DB'!$D$5 -> 1
C93: ① 옥천읍 | D93: ='설문조사 DB'!D6 -> 151 | E93: ='설문조사 DB'!D6/'설문조사 DB'!$D$5 -> 0.29492188
C94: ② 동이면 | D94: ='설문조사 DB'!D7 -> 38 | E94: ='설문조사 DB'!D7/'설문조사 DB'!$D$5 -> 0.07421875
C95: ③ 안남면 | D95: ='설문조사 DB'!D8 -> 39 | E95: ='설문조사 DB'!D8/'설문조사 DB'!$D$5 -> 0.076171875
C96: ④ 안내면 | D96: ='설문조사 DB'!D9 -> 52 | E96: ='설문조사 DB'!D9/'설문조사 DB'!$D$5 -> 0.1015625
C97: ⑤ 청성면 | D97: ='설문조사 DB'!D10 -> 38 | E97: ='설문조사 DB'!D10/'설문조사 DB'!$D$5 -> 0.07421875
C98: ⑥ 청산면 | D98: ='설문조사 DB'!D11 -> 41 | E98: ='설문조사 DB'!D11/'설문조사 DB'!$D$5 -> 0.080078125
C99: ⑦ 이원면 | D99: ='설문조사 DB'!D12 -> 41 | E99: ='설문조사 DB'!D12/'설문조사 DB'!$D$5 -> 0.080078125
C100: ⑧ 군서면 | D100: ='설문조사 DB'!D13 -> 40 | E100: ='설문조사 DB'!D13/'설문조사 DB'!$D$5 -> 0.078125
C101: ⑨ 군북면 | D101: ='설문조사 DB'!D14 -> 47 | E101: ='설문조사 DB'!D14/'설문조사 DB'!$D$5 -> 0.091796875
C102: ⑩ 관 외 | D102: ='설문조사 DB'!D15 -> 25 | E102: ='설문조사 DB'!D15/'설문조사 DB'!$D$5 -> 0.048828125
C139: 응답항목 | D139: 응답수 | E139: 비율
C140: 합 계 | D140: ='설문조사 DB'!E5 -> 502 | E140: ='설문조사 DB'!E5/'설문조사 DB'!$E$5 -> 1
C141: ① 농∙축∙어업 | D141: ='설문조사 DB'!E6 -> 209 | E141: ='설문조사 DB'!E6/'설문조사 DB'!$E$5 -> 0.41633466
C142: ② 가정주부 | D142: ='설문조사 DB'!E7 -> 66 | E142: ='설문조사 DB'!E7/'설문조사 DB'!$E$5 -> 0.1314741
C143: ③ 자영업 | D143: ='설문조사 DB'!E8 -> 70 | E143: ='설문조사 DB'!E8/'설문조사 DB'!$E$5 -> 0.13944223
C144: ④ 회사원 | D144: ='설문조사 DB'!E9 -> 33 | E144: ='설문조사 DB'!E9/'설문조사 DB'!$E$5 -> 0.065737052
C145: ⑤ 전문직 | D145: ='설문조사 DB'!E10 -> 17 | E145: ='설문조사 DB'!E10/'설문조사 DB'!$E$5 -> 0.033864542
C146: ⑥ 학생 | D146: ='설문조사 DB'!E11 -> 6 | E146: ='설문조사 DB'!E11/'설문조사 DB'!$E$5 -> 0.011952191
C147: ⑦ 공무원 | D147: ='설문조사 DB'!E12 -> 48 | E147: ='설문조사 DB'!E12/'설문조사 DB'!$E$5 -> 0.09561753
C148: ⑧ 기 타 | D148: ='설문조사 DB'!E13 -> 53 | E148: ='설문조사 DB'!E13/'설문조사 DB'!$E$5 -> 0.10557769
A182: Ⅱ. 재정운용
C192: 응답항목 | D192: 응답수 | E192: 비율
C193: 합 계 | D193: ='설문조사 DB'!F5 -> 504 | E193: ='설문조사 DB'!F5/'설문조사 DB'!F5 -> 1
C194: ① 경기활성화 | D194: ='설문조사 DB'!F6 -> 222 | E194: ='설문조사 DB'!F6/'설문조사 DB'!$F$5 -> 0.44047619
C195: ② 일자리창출 | D195: ='설문조사 DB'!F7 -> 146 | E195: ='설문조사 DB'!F7/'설문조사 DB'!$F$5 -> 0.28968254
C196: ③ 사회복지정책 | D196: ='설문조사 DB'!F8 -> 102 | E196: ='설문조사 DB'!F8/'설문조사 DB'!$F$5 -> 0.20238095
C197: ④ SOC사업 | D197: ='설문조사 DB'!F9 -> 26 | E197: ='설문조사 DB'!F9/'설문조사 DB'!$F$5 -> 0.051587302
C198: ⑤ 기 타 | D198: ='설문조사 DB'!F10 -> 8 | E198: ='설문조사 DB'!F10/'설문조사 DB'!$F$5 -> 0.015873016
C234: 응답항목 | D234: 응답수 | E234: 비율
C235: 합 계 | D235: ='설문조사 DB'!G5 -> 510 | E235: ='설문조사 DB'!G5/'설문조사 DB'!G5 -> 1
C236: ① 매우 잘하고 있다 | D236: ='설문조사 DB'!G6 -> 35 | E236: ='설문조사 DB'!G6/'설문조사 DB'!$G$5 -> 0.068627451
C237: ② 잘하고 있다 | D237: ='설문조사 DB'!G7 -> 161 | E237: ='설문조사 DB'!G7/'설문조사 DB'!$G$5 -> 0.31568627
C238: ③ 보통이다 | D238: ='설문조사 DB'!G8 -> 210 | E238: ='설문조사 DB'!G8/'설문조사 DB'!$G$5 -> 0.41176471
C239: ④ 잘못하고 있다 | D239: ='설문조사 DB'!G9 -> 35 | E239: ='설문조사 DB'!G9/'설문조사 DB'!$G$5 -> 0.068627451
C240: ⑤ 잘 모르겠다 | D240: ='설문조사 DB'!G10 -> 69 | E240: ='설문조사 DB'!G10/'설문조사 DB'!$G$5 -> 0.13529412
C276: 응답항목 | D276: 응답수 | E276: 비율
C277: 합 계 | D277: ='설문조사 DB'!H5 -> 496 | E277: ='설문조사 DB'!H5/'설문조사 DB'!H5 -> 1
C278: ① 국∙도비 등 중앙 및 광역지차제 지원예산 확보 | D278: ='설문조사 DB'!H6 -> 322 | E278: ='설문조사 DB'!H6/'설문조사 DB'!$H$5 -> 0.64919355
C279: ② 경상경비 절감 등 예산절감 노력 | D279: ='설문조사 DB'!H7 -> 78 | E279: ='설문조사 DB'!H7/'설문조사 DB'!$H$5 -> 0.15725806
C280: ③ 탈루세원 발굴, 체납액 징수 등 자주재원 확충 | D280: ='설문조사 DB'!H8 -> 67 | E280: ='설문조사 DB'!H8/'설문조사 DB'!$H$5 -> 0.13508065
C281: ④ 투자억제 등을 통한 긴축재정 | D281: ='설문조사 DB'!H9 -> 29 | E281: ='설문조사 DB'!H9/'설문조사 DB'!$H$5 -> 0.058467742
C315: 응답항목 | D315: 응답수 | E315: 비율
C316: 합 계 | D316: ='설문조사 DB'!I5 -> 471 | E316: ='설문조사 DB'!I5/'설문조사 DB'!I5 -> 1
C317: ① 공공질서및안전 | D317: ='설문조사 DB'!I6 -> 55 | E317: ='설문조사 DB'!I6/'설문조사 DB'!$I$5 -> 0.11677282 | F317: =RANK(E317,$E$317:$E$326,0) -> 4
C318: ② 교육 | D318: ='설문조사 DB'!I7 -> 44 | E318: ='설문조사 DB'!I7/'설문조사 DB'!$I$5 -> 0.093418259 | F318: =RANK(E318,$E$317:$E$326,0) -> 7
C319: ③ 국토및지역개발 | D319: ='설문조사 DB'!I8 -> 83 | E319: ='설문조사 DB'!I8/'설문조사 DB'!$I$5 -> 0.17622081 | F319: =RANK(E319,$E$317:$E$326,0) -> 1
C320: ④ 문화및관광 | D320: ='설문조사 DB'!I9 -> 60 | E320: ='설문조사 DB'!I9/'설문조사 DB'!$I$5 -> 0.12738854 | F320: =RANK(E320,$E$317:$E$326,0) -> 3
C321: ⑤ 환경 | D321: ='설문조사 DB'!I10 -> 22 | E321: ='설문조사 DB'!I10/'설문조사 DB'!$I$5 -> 0.04670913 | F321: =RANK(E321,$E$317:$E$326,0) -> 9
C322: ⑥ 사회복지 | D322: ='설문조사 DB'!I11 -> 55 | E322: ='설문조사 DB'!I11/'설문조사 DB'!$I$5 -> 0.11677282 | F322: =RANK(E322,$E$317:$E$326,0) -> 4
C323: ⑦ 보건 | D323: ='설문조사 DB'!I12 -> 14 | E323: ='설문조사 DB'!I12/'설문조사 DB'!$I$5 -> 0.029723992 | F323: =RANK(E323,$E$317:$E$326,0) -> 10
C324: ⑧ 농림해양수산 | D324: ='설문조사 DB'!I13 -> 49 | E324: ='설문조사 DB'!I13/'설문조사 DB'!$I$5 -> 0.10403397 | F324: =RANK(E324,$E$317:$E$326,0) -> 6
C325: ⑨ 산업·중소기업 및 에너지 | D325: ='설문조사 DB'!I14 -> 66 | E325: ='설문조사 DB'!I14/'설문조사 DB'!$I$5 -> 0.14012739 | F325: =RANK(E325,$E$317:$E$326,0) -> 2
C326: ⑩ 교통및물류 | D326: ='설문조사 DB'!I15 -> 23 | E326: ='설문조사 DB'!I15/'설문조사 DB'!$I$5 -> 0.048832272 | F326: =RANK(E326,$E$317:$E$326,0) -> 8
C365: 응답항목 | D365: 응답수 | E365: 비율
C366: 합 계 | D366: ='설문조사 DB'!J5 -> 503 | E366: ='설문조사 DB'!J5/'설문조사 DB'!J5 -> 1
C367: ① 재난 예·경보시설 확충 | D367: ='설문조사 DB'!J6 -> 88 | E367: ='설문조사 DB'!J6/'설문조사 DB'!$J$5 -> 0.1749503
C368: ② 시설물 안전관리점검 강화 | D368: ='설문조사 DB'!J7 -> 196 | E368: ='설문조사 DB'!J7/'설문조사 DB'!$J$5 -> 0.38966203
C369: ③ 재난 예방 교육·훈련 및 홍보활동 강화 | D369: ='설문조사 DB'!J8 -> 74 | E369: ='설문조사 DB'!J8/'설문조사 DB'!$J$5 -> 0.1471173
C370: ④ 재해위험지구 정비 | D370: ='설문조사 DB'!J9 -> 134 | E370: ='설문조사 DB'!J9/'설문조사 DB'!$J$5 -> 0.26640159
C371: ⑤ 민방위 운영 및 관리 강화 | D371: ='설문조사 DB'!J10 -> 8 | E371: ='설문조사 DB'!J10/'설문조사 DB'!$J$5 -> 0.015904573
C372: ⑥ 기 타 | D372: ='설문조사 DB'!J11 -> 3 | E372: ='설문조사 DB'!J11/'설문조사 DB'!$J$5 -> 0.0059642147
C413: 응답항목 | D413: 응답수 | E413: 비율
C414: 합 계 | D414: ='설문조사 DB'!K5 -> 503 | E414: ='설문조사 DB'!K5/'설문조사 DB'!K5 -> 1
C415: ① 학교무상급식지원 확대 | D415: ='설문조사 DB'!K6 -> 86 | E415: ='설문조사 DB'!K6/'설문조사 DB'!$K$5 -> 0.17097416
C416: ② 학교체육관 및 운련장 건립 | D416: ='설문조사 DB'!K7 -> 54 | E416: ='설문조사 DB'!K7/'설문조사 DB'!$K$5 -> 0.10735586
C417: ③ 엘리트체육 육성 지원 | D417: ='설문조사 DB'!K8 -> 43 | E417: ='설문조사 DB'!K8/'설문조사 DB'!$K$5 -> 0.085487078
C418: ④ 인재육성을 위한 고등교육 재정지원 | D418: ='설문조사 DB'!K9 -> 144 | E418: ='설문조사 DB'!K9/'설문조사 DB'!$K$5 -> 0.28628231
C419: ⑤ 평생학습 프로그램 지원 강화 | D419: ='설문조사 DB'!K10 -> 169 | E419: ='설문조사 DB'!K10/'설문조사 DB'!$K$5 -> 0.3359841
C420: ⑥ 기 타 | D420: ='설문조사 DB'!K11 -> 7 | E420: ='설문조사 DB'!K11/'설문조사 DB'!$K$5 -> 0.013916501
C462: 응답항목 | D462: 응답수 | E462: 비율 | S462: 응답항목 | T462: 응답수 | U462: 비율 | AA462: 응답항목 | AB462: 응답수 | AC462: 비율 | AI462: 응답항목 | AJ462: 응답수 | AK462: 비율 | AQ462: 응답항목 | AR462: 응답수 | AS462: 비율 | AY462: 응답항목 | AZ462: 응답수 | BA462: 비율 | BG462: 응답항목 | BH462: 응답수 | BI462: 비율 | BO462: 응답항목 | BP462: 응답수 | BQ462: 비율 | BW462: 응답항목 | BX462: 응답수 | BY462: 비율 | CE462: 응답항목 | CF462: 응답수 | CG462: 비율 | CM462: 응답항목 | CN462: 응답수 | CO462: 비율 | CU462: 응답항목 | CV462: 응답수 | CW462: 비율 | DC462: 응답항목 | DD462: 응답수 | DE462: 비율 | DK462: 응답항목 | DL462: 응답수 | DM462: 비율 | DS462: 응답항목 | DT462: 응답수 | DU462: 비율 | EA462: 응답항목 | EB462: 응답수 | EC462: 비율 | EI462: 응답항목 | EJ462: 응답수 | EK462: 비율 | EQ462: 응답항목 | ER462: 응답수 | ES462: 비율 | EY462: 응답항목 | EZ462: 응답수 | FA462: 비율 | FG462: 응답항목 | FH462: 응답수 | FI462: 비율 | FO462: 응답항목 | FP462: 응답수 | FQ462: 비율 | FW462: 응답항목 | FX462: 응답수 | FY462: 비율 | GE462: 응답항목 | GF462: 응답수 | GG462: 비율 | GM462: 응답항목 | GN462: 응답수 | GO462: 비율 | GU462: 응답항목 | GV462: 응답수 | GW462: 비율 | HC462: 응답항목 | HD462: 응답수 | HE462: 비율 | HK462: 응답항목 | HL462: 응답수 | HM462: 비율 | HS462: 응답항목 | HT462: 응답수 | HU462: 비율 | IA462: 응답항목 | IB462: 응답수 | IC462: 비율 | II462: 응답항목 | IJ462: 응답수 | IK462: 비율 | IQ462: 응답항목 | IR462: 응답수 | IS462: 비율 | IY462: 응답항목 | IZ462: 응답수 | JA462: 비율 | JG462: 응답항목 | JH462: 응답수 | JI462: 비율 | JO462: 응답항목 | JP462: 응답수 | JQ462: 비율 | JW462: 응답항목 | JX462: 응답수 | JY462: 비율 | KE462: 응답항목 | KF462: 응답수 | KG462: 비율 | KM462: 응답항목 | KN462: 응답수 | KO462: 비율 | KU462: 응답항목 | KV462: 응답수 | KW462: 비율 | LC462: 응답항목 | LD462: 응답수 | LE462: 비율 | LK462: 응답항목 | LL462: 응답수 | LM462: 비율 | LS462: 응답항목 | LT462: 응답수 | LU462: 비율 | MA462: 응답항목 | MB462: 응답수 | MC462: 비율 | MI462: 응답항목 | MJ462: 응답수 | MK462: 비율 | MQ462: 응답항목 | MR462: 응답수 | MS462: 비율 | MY462: 응답항목 | MZ462: 응답수 | NA462: 비율 | NG462: 응답항목 | NH462: 응답수 | NI462: 비율 | NO462: 응답항목 | NP462: 응답수 | NQ462: 비율 | NW462: 응답항목 | NX462: 응답수 | NY462: 비율 | OE462: 응답항목 | OF462: 응답수 | OG462: 비율 | OM462: 응답항목 | ON462: 응답수 | OO462: 비율 | OU462: 응답항목 | OV462: 응답수 | OW462: 비율 | PC462: 응답항목 | PD462: 응답수 | PE462: 비율 | PK462: 응답항목 | PL462: 응답수 | PM462: 비율 | PS462: 응답항목 | PT462: 응답수 | PU462: 비율 | QA462: 응답항목 | QB462: 응답수 | QC462: 비율 | QI462: 응답항목 | QJ462: 응답수 | QK462: 비율 | QQ462: 응답항목 | QR462: 응답수 | QS462: 비율 | QY462: 응답항목 | QZ462: 응답수 | RA462: 비율 | RG462: 응답항목 | RH462: 응답수 | RI462: 비율 | RO462: 응답항목 | RP462: 응답수 | RQ462: 비율 | RW462: 응답항목 | RX462: 응답수 | RY462: 비율 | SE462: 응답항목 | SF462: 응답수 | SG462: 비율 | SM462: 응답항목 | SN462: 응답수 | SO462: 비율 | SU462: 응답항목 | SV462: 응답수 | SW462: 비율 | TC462: 응답항목 | TD462: 응답수 | TE462: 비율 | TK462: 응답항목 | TL462: 응답수 | TM462: 비율 | TS462: 응답항목 | TT462: 응답수 | TU462: 비율 | UA462: 응답항목 | UB462: 응답수 | UC462: 비율 | UI462: 응답항목 | UJ462: 응답수 | UK462: 비율 | UQ462: 응답항목 | UR462: 응답수 | US462: 비율 | UY462: 응답항목 | UZ462: 응답수 | VA462: 비율 | VG462: 응답항목 | VH462: 응답수 | VI462: 비율 | VO462: 응답항목 | VP462: 응답수 | VQ462: 비율 | VW462: 응답항목 | VX462: 응답수 | VY462: 비율 | WE462: 응답항목 | WF462: 응답수 | WG462: 비율 | WM462: 응답항목 | WN462: 응답수 | WO462: 비율 | WU462: 응답항목 | WV462: 응답수 | WW462: 비율 | XC462: 응답항목 | XD462: 응답수 | XE462: 비율 | XK462: 응답항목 | XL462: 응답수 | XM462: 비율 | XS462: 응답항목 | XT462: 응답수 | XU462: 비율 | YA462: 응답항목 | YB462: 응답수 | YC462: 비율 | YI462: 응답항목 | YJ462: 응답수 | YK462: 비율 | YQ462: 응답항목 | YR462: 응답수 | YS462: 비율 | YY462: 응답항목 | YZ462: 응답수 | ZA462: 비율 | ZG462: 응답항목 | ZH462: 응답수 | ZI462: 비율 | ZO462: 응답항목 | ZP462: 응답수 | ZQ462: 비율 | ZW462: 응답항목 | ZX462: 응답수 | ZY462: 비율 | AAE462: 응답항목 | AAF462: 응답수 | AAG462: 비율 | AAM462: 응답항목 | AAN462: 응답수 | AAO462: 비율 | AAU462: 응답항목 | AAV462: 응답수 | AAW462: 비율 | ABC462: 응답항목 | ABD462: 응답수 | ABE462: 비율 | ABK462: 응답항목 | ABL462: 응답수 | ABM462: 비율 | ABS462: 응답항목 | ABT462: 응답수 | ABU462: 비율 | ACA462: 응답항목 | ACB462: 응답수 | ACC462: 비율 | ACI462: 응답항목 | ACJ462: 응답수 | ACK462: 비율 | ACQ462: 응답항목 | ACR462: 응답수 | ACS462: 비율 | ACY462: 응답항목 | ACZ462: 응답수 | ADA462: 비율 | ADG462: 응답항목 | ADH462: 응답수 | ADI462: 비율 | ADO462: 응답항목 | ADP462: 응답수 | ADQ462: 비율 | ADW462: 응답항목 | ADX462: 응답수 | ADY462: 비율 | AEE462: 응답항목 | AEF462: 응답수 | AEG462: 비율 | AEM462: 응답항목 | AEN462: 응답수 | AEO462: 비율 | AEU462: 응답항목 | AEV462: 응답수 | AEW462: 비율 | AFC462: 응답항목 | AFD462: 응답수 | AFE462: 비율 | AFK462: 응답항목 | AFL462: 응답수 | AFM462: 비율 | AFS462: 응답항목 | AFT462: 응답수 | AFU462: 비율 | AGA462: 응답항목 | AGB462: 응답수 | AGC462: 비율 | AGI462: 응답항목 | AGJ462: 응답수 | AGK462: 비율 | AGQ462: 응답항목 | AGR462: 응답수 | AGS462: 비율 | AGY462: 응답항목 | AGZ462: 응답수 | AHA462: 비율 | AHG462: 응답항목 | AHH462: 응답수 | AHI462: 비율 | AHO462: 응답항목 | AHP462: 응답수 | AHQ462: 비율 | AHW462: 응답항목 | AHX462: 응답수 | AHY462: 비율 | AIE462: 응답항목 | AIF462: 응답수 | AIG462: 비율 | AIM462: 응답항목 | AIN462: 응답수 | AIO462: 비율 | AIU462: 응답항목 | AIV462: 응답수 | AIW462: 비율 | AJC462: 응답항목 | AJD462: 응답수 | AJE462: 비율 | AJK462: 응답항목 | AJL462: 응답수 | AJM462: 비율 | AJS462: 응답항목 | AJT462: 응답수 | AJU462: 비율 | AKA462: 응답항목 | AKB462: 응답수 | AKC462: 비율 | AKI462: 응답항목 | AKJ462: 응답수 | AKK462: 비율 | AKQ462: 응답항목 | AKR462: 응답수 | AKS462: 비율 | AKY462: 응답항목 | AKZ462: 응답수 | ALA462: 비율 | ALG462: 응답항목 | ALH462: 응답수 | ALI462: 비율 | ALO462: 응답항목 | ALP462: 응답수 | ALQ462: 비율 | ALW462: 응답항목 | ALX462: 응답수 | ALY462: 비율 | AME462: 응답항목 | AMF462: 응답수 | AMG462: 비율 | AMM462: 응답항목 | AMN462: 응답수 | AMO462: 비율 | AMU462: 응답항목 | AMV462: 응답수 | AMW462: 비율 | ANC462: 응답항목 | AND462: 응답수 | ANE462: 비율 | ANK462: 응답항목 | ANL462: 응답수 | ANM462: 비율 | ANS462: 응답항목 | ANT462: 응답수 | ANU462: 비율 | AOA462: 응답항목 | AOB462: 응답수 | AOC462: 비율 | AOI462: 응답항목 | AOJ462: 응답수 | AOK462: 비율 | AOQ462: 응답항목 | AOR462: 응답수 | AOS462: 비율 | AOY462: 응답항목 | AOZ462: 응답수 | APA462: 비율 | APG462: 응답항목 | APH462: 응답수 | API462: 비율 | APO462: 응답항목 | APP462: 응답수 | APQ462: 비율 | APW462: 응답항목 | APX462: 응답수 | APY462: 비율 | AQE462: 응답항목 | AQF462: 응답수 | AQG462: 비율 | AQM462: 응답항목 | AQN462: 응답수 | AQO462: 비율 | AQU462: 응답항목 | AQV462: 응답수 | AQW462: 비율 | ARC462: 응답항목 | ARD462: 응답수 | ARE462: 비율 | ARK462: 응답항목 | ARL462: 응답수 | ARM462: 비율 | ARS462: 응답항목 | ART462: 응답수 | ARU462: 비율 | ASA462: 응답항목 | ASB462: 응답수 | ASC462: 비율 | ASI462: 응답항목 | ASJ462: 응답수 | ASK462: 비율 | ASQ462: 응답항목 | ASR462: 응답수 | ASS462: 비율 | ASY462: 응답항목 | ASZ462: 응답수 | ATA462: 비율 | ATG462: 응답항목 | ATH462: 응답수 | ATI462: 비율 | ATO462: 응답항목 | ATP462: 응답수 | ATQ462: 비율 | ATW462: 응답항목 | ATX462: 응답수 | ATY462: 비율 | AUE462: 응답항목 | AUF462: 응답수 | AUG462: 비율 | AUM462: 응답항목 | AUN462: 응답수 | AUO462: 비율 | AUU462: 응답항목 | AUV462: 응답수 | AUW462: 비율 | AVC462: 응답항목 | AVD462: 응답수 | AVE462: 비율 | AVK462: 응답항목 | AVL462: 응답수 | AVM462: 비율 | AVS462: 응답항목 | AVT462: 응답수 | AVU462: 비율 | AWA462: 응답항목 | AWB462: 응답수 | AWC462: 비율 | AWI462: 응답항목 | AWJ462: 응답수 | AWK462: 비율 | AWQ462: 응답항목 | AWR462: 응답수 | AWS462: 비율 | AWY462: 응답항목 | AWZ462: 응답수 | AXA462: 비율 | AXG462: 응답항목 | AXH462: 응답수 | AXI462: 비율 | AXO462: 응답항목 | AXP462: 응답수 | AXQ462: 비율 | AXW462: 응답항목 | AXX462: 응답수 | AXY462: 비율 | AYE462: 응답항목 | AYF462: 응답수 | AYG462: 비율 | AYM462: 응답항목 | AYN462: 응답수 | AYO462: 비율 | AYU462: 응답항목 | AYV462: 응답수 | AYW462: 비율 | AZC462: 응답항목 | AZD462: 응답수 | AZE462: 비율 | AZK462: 응답항목 | AZL462: 응답수 | AZM462: 비율 | AZS462: 응답항목 | AZT462: 응답수 | AZU462: 비율 | BAA462: 응답항목 | BAB462: 응답수 | BAC462: 비율 | BAI462: 응답항목 | BAJ462: 응답수 | BAK462: 비율 | BAQ462: 응답항목 | BAR462: 응답수 | BAS462: 비율 | BAY462: 응답항목 | BAZ462: 응답수 | BBA462: 비율 | BBG462: 응답항목 | BBH462: 응답수 | BBI462: 비율 | BBO462: 응답항목 | BBP462: 응답수 | BBQ462: 비율 | BBW462: 응답항목 | BBX462: 응답수 | BBY462: 비율 | BCE462: 응답항목 | BCF462: 응답수 | BCG462: 비율 | BCM462: 응답항목 | BCN462: 응답수 | BCO462: 비율 | BCU462: 응답항목 | BCV462: 응답수 | BCW462: 비율 | BDC462: 응답항목 | BDD462: 응답수 | BDE462: 비율 | BDK462: 응답항목 | BDL462: 응답수 | BDM462: 비율 | BDS462: 응답항목 | BDT462: 응답수 | BDU462: 비율 | BEA462: 응답항목 | BEB462: 응답수 | BEC462: 비율 | BEI462: 응답항목 | BEJ462: 응답수 | BEK462: 비율 | BEQ462: 응답항목 | BER462: 응답수 | BES462: 비율 | BEY462: 응답항목 | BEZ462: 응답수 | BFA462: 비율 | BFG462: 응답항목 | BFH462: 응답수 | BFI462: 비율 | BFO462: 응답항목 | BFP462: 응답수 | BFQ462: 비율 | BFW462: 응답항목 | BFX462: 응답수 | BFY462: 비율 | BGE462: 응답항목 | BGF462: 응답수 | BGG462: 비율 | BGM462: 응답항목 | BGN462: 응답수 | BGO462: 비율 | BGU462: 응답항목 | BGV462: 응답수 | BGW462: 비율 | BHC462: 응답항목 | BHD462: 응답수 | BHE462: 비율 | BHK462: 응답항목 | BHL462: 응답수 | BHM462: 비율 | BHS462: 응답항목 | BHT462: 응답수 | BHU462: 비율 | BIA462: 응답항목 | BIB462: 응답수 | BIC462: 비율 | BII462: 응답항목 | BIJ462: 응답수 | BIK462: 비율 | BIQ462: 응답항목 | BIR462: 응답수 | BIS462: 비율 | BIY462: 응답항목 | BIZ462: 응답수 | BJA462: 비율 | BJG462: 응답항목 | BJH462: 응답수 | BJI462: 비율 | BJO462: 응답항목 | BJP462: 응답수 | BJQ462: 비율 | BJW462: 응답항목 | BJX462: 응답수 | BJY462: 비율 | BKE462: 응답항목 | BKF462: 응답수 | BKG462: 비율 | BKM462: 응답항목 | BKN462: 응답수 | BKO462: 비율 | BKU462: 응답항목 | BKV462: 응답수 | BKW462: 비율 | BLC462: 응답항목 | BLD462: 응답수 | BLE462: 비율 | BLK462: 응답항목 | BLL462: 응답수 | BLM462: 비율 | BLS462: 응답항목 | BLT462: 응답수 | BLU462: 비율 | BMA462: 응답항목 | BMB462: 응답수 | BMC462: 비율 | BMI462: 응답항목 | BMJ462: 응답수 | BMK462: 비율 | BMQ462: 응답항목 | BMR462: 응답수 | BMS462: 비율 | BMY462: 응답항목 | BMZ462: 응답수 | BNA462: 비율 | BNG462: 응답항목 | BNH462: 응답수 | BNI462: 비율 | BNO462: 응답항목 | BNP462: 응답수 | BNQ462: 비율 | BNW462: 응답항목 | BNX462: 응답수 | BNY462: 비율 | BOE462: 응답항목 | BOF462: 응답수 | BOG462: 비율 | BOM462: 응답항목 | BON462: 응답수 | BOO462: 비율 | BOU462: 응답항목 | BOV462: 응답수 | BOW462: 비율 | BPC462: 응답항목 | BPD462: 응답수 | BPE462: 비율 | BPK462: 응답항목 | BPL462: 응답수 | BPM462: 비율 | BPS462: 응답항목 | BPT462: 응답수 | BPU462: 비율 | BQA462: 응답항목 | BQB462: 응답수 | BQC462: 비율 | BQI462: 응답항목 | BQJ462: 응답수 | BQK462: 비율 | BQQ462: 응답항목 | BQR462: 응답수 | BQS462: 비율 | BQY462: 응답항목 | BQZ462: 응답수 | BRA462: 비율 | BRG462: 응답항목 | BRH462: 응답수 | BRI462: 비율 | BRO462: 응답항목 | BRP462: 응답수 | BRQ462: 비율 | BRW462: 응답항목 | BRX462: 응답수 | BRY462: 비율 | BSE462: 응답항목 | BSF462: 응답수 | BSG462: 비율 | BSM462: 응답항목 | BSN462: 응답수 | BSO462: 비율 | BSU462: 응답항목 | BSV462: 응답수 | BSW462: 비율 | BTC462: 응답항목 | BTD462: 응답수 | BTE462: 비율 | BTK462: 응답항목 | BTL462: 응답수 | BTM462: 비율 | BTS462: 응답항목 | BTT462: 응답수 | BTU462: 비율 | BUA462: 응답항목 | BUB462: 응답수 | BUC462: 비율 | BUI462: 응답항목 | BUJ462: 응답수 | BUK462: 비율 | BUQ462: 응답항목 | BUR462: 응답수 | BUS462: 비율 | BUY462: 응답항목 | BUZ462: 응답수 | BVA462: 비율 | BVG462: 응답항목 | BVH462: 응답수 | BVI462: 비율 | BVO462: 응답항목 | BVP462: 응답수 | BVQ462: 비율 | BVW462: 응답항목 | BVX462: 응답수 | BVY462: 비율 | BWE462: 응답항목 | BWF462: 응답수 | BWG462: 비율 | BWM462: 응답항목 | BWN462: 응답수 | BWO462: 비율 | BWU462: 응답항목 | BWV462: 응답수 | BWW462: 비율 | BXC462: 응답항목 | BXD462: 응답수 | BXE462: 비율 | BXK462: 응답항목 | BXL462: 응답수 | BXM462: 비율 | BXS462: 응답항목 | BXT462: 응답수 | BXU462: 비율 | BYA462: 응답항목 | BYB462: 응답수 | BYC462: 비율 | BYI462: 응답항목 | BYJ462: 응답수 | BYK462: 비율 | BYQ462: 응답항목 | BYR462: 응답수 | BYS462: 비율 | BYY462: 응답항목 | BYZ462: 응답수 | BZA462: 비율 | BZG462: 응답항목 | BZH462: 응답수 | BZI462: 비율 | BZO462: 응답항목 | BZP462: 응답수 | BZQ462: 비율 | BZW462: 응답항목 | BZX462: 응답수 | BZY462: 비율 | CAE462: 응답항목 | CAF462: 응답수 | CAG462: 비율 | CAM462: 응답항목 | CAN462: 응답수 | CAO462: 비율 | CAU462: 응답항목 | CAV462: 응답수 | CAW462: 비율 | CBC462: 응답항목 | CBD462: 응답수 | CBE462: 비율 | CBK462: 응답항목 | CBL462: 응답수 | CBM462: 비율 | CBS462: 응답항목 | CBT462: 응답수 | CBU462: 비율 | CCA462: 응답항목 | CCB462: 응답수 | CCC462: 비율 | CCI462: 응답항목 | CCJ462: 응답수 | CCK462: 비율 | CCQ462: 응답항목 | CCR462: 응답수 | CCS462: 비율 | CCY462: 응답항목 | CCZ462: 응답수 | CDA462: 비율 | CDG462: 응답항목 | CDH462: 응답수 | CDI462: 비율 | CDO462: 응답항목 | CDP462: 응답수 | CDQ462: 비율 | CDW462: 응답항목 | CDX462: 응답수 | CDY462: 비율 | CEE462: 응답항목 | CEF462: 응답수 | CEG462: 비율 | CEM462: 응답항목 | CEN462: 응답수 | CEO462: 비율 | CEU462: 응답항목 | CEV462: 응답수 | CEW462: 비율 | CFC462: 응답항목 | CFD462: 응답수 | CFE462: 비율 | CFK462: 응답항목 | CFL462: 응답수 | CFM462: 비율 | CFS462: 응답항목 | CFT462: 응답수 | CFU462: 비율 | CGA462: 응답항목 | CGB462: 응답수 | CGC462: 비율 | CGI462: 응답항목 | CGJ462: 응답수 | CGK462: 비율 | CGQ462: 응답항목 | CGR462: 응답수 | CGS462: 비율 | CGY462: 응답항목 | CGZ462: 응답수 | CHA462: 비율 | CHG462: 응답항목 | CHH462: 응답수 | CHI462: 비율 | CHO462: 응답항목 | CHP462: 응답수 | CHQ462: 비율 | CHW462: 응답항목 | CHX462: 응답수 | CHY462: 비율 | CIE462: 응답항목 | CIF462: 응답수 | CIG462: 비율 | CIM462: 응답항목 | CIN462: 응답수 | CIO462: 비율 | CIU462: 응답항목 | CIV462: 응답수 | CIW462: 비율 | CJC462: 응답항목 | CJD462: 응답수 | CJE462: 비율 | CJK462: 응답항목 | CJL462: 응답수 | CJM462: 비율 | CJS462: 응답항목 | CJT462: 응답수 | CJU462: 비율 | CKA462: 응답항목 | CKB462: 응답수 | CKC462: 비율 | CKI462: 응답항목 | CKJ462: 응답수 | CKK462: 비율 | CKQ462: 응답항목 | CKR462: 응답수 | CKS462: 비율 | CKY462: 응답항목 | CKZ462: 응답수 | CLA462: 비율 | CLG462: 응답항목 | CLH462: 응답수 | CLI462: 비율 | CLO462: 응답항목 | CLP462: 응답수 | CLQ462: 비율 | CLW462: 응답항목 | CLX462: 응답수 | CLY462: 비율 | CME462: 응답항목 | CMF462: 응답수 | CMG462: 비율 | CMM462: 응답항목 | CMN462: 응답수 | CMO462: 비율 | CMU462: 응답항목 | CMV462: 응답수 | CMW462: 비율 | CNC462: 응답항목 | CND462: 응답수 | CNE462: 비율 | CNK462: 응답항목 | CNL462: 응답수 | CNM462: 비율 | CNS462: 응답항목 | CNT462: 응답수 | CNU462: 비율 | COA462: 응답항목 | COB462: 응답수 | COC462: 비율 | COI462: 응답항목 | COJ462: 응답수 | COK462: 비율 | COQ462: 응답항목 | COR462: 응답수 | COS462: 비율 | COY462: 응답항목 | COZ462: 응답수 | CPA462: 비율 | CPG462: 응답항목 | CPH462: 응답수 | CPI462: 비율 | CPO462: 응답항목 | CPP462: 응답수 | CPQ462: 비율 | CPW462: 응답항목 | CPX462: 응답수 | CPY462: 비율 | CQE462: 응답항목 | CQF462: 응답수 | CQG462: 비율 | CQM462: 응답항목 | CQN462: 응답수 | CQO462: 비율 | CQU462: 응답항목 | CQV462: 응답수 | CQW462: 비율 | CRC462: 응답항목 | CRD462: 응답수 | CRE462: 비율 | CRK462: 응답항목 | CRL462: 응답수 | CRM462: 비율 | CRS462: 응답항목 | CRT462: 응답수 | CRU462: 비율 | CSA462: 응답항목 | CSB462: 응답수 | CSC462: 비율 | CSI462: 응답항목 | CSJ462: 응답수 | CSK462: 비율 | CSQ462: 응답항목 | CSR462: 응답수 | CSS462: 비율 | CSY462: 응답항목 | CSZ462: 응답수 | CTA462: 비율 | CTG462: 응답항목 | CTH462: 응답수 | CTI462: 비율 | CTO462: 응답항목 | CTP462: 응답수 | CTQ462: 비율 | CTW462: 응답항목 | CTX462: 응답수 | CTY462: 비율 | CUE462: 응답항목 | CUF462: 응답수 | CUG462: 비율 | CUM462: 응답항목 | CUN462: 응답수 | CUO462: 비율 | CUU462: 응답항목 | CUV462: 응답수 | CUW462: 비율 | CVC462: 응답항목 | CVD462: 응답수 | CVE462: 비율 | CVK462: 응답항목 | CVL462: 응답수 | CVM462: 비율 | CVS462: 응답항목 | CVT462: 응답수 | CVU462: 비율 | CWA462: 응답항목 | CWB462: 응답수 | CWC462: 비율 | CWI462: 응답항목 | CWJ462: 응답수 | CWK462: 비율 | CWQ462: 응답항목 | CWR462: 응답수 | CWS462: 비율 | CWY462: 응답항목 | CWZ462: 응답수 | CXA462: 비율 | CXG462: 응답항목 | CXH462: 응답수 | CXI462: 비율 | CXO462: 응답항목 | CXP462: 응답수 | CXQ462: 비율 | CXW462: 응답항목 | CXX462: 응답수 | CXY462: 비율 | CYE462: 응답항목 | CYF462: 응답수 | CYG462: 비율 | CYM462: 응답항목 | CYN462: 응답수 | CYO462: 비율 | CYU462: 응답항목 | CYV462: 응답수 | CYW462: 비율 | CZC462: 응답항목 | CZD462: 응답수 | CZE462: 비율 | CZK462: 응답항목 | CZL462: 응답수 | CZM462: 비율 | CZS462: 응답항목 | CZT462: 응답수 | CZU462: 비율 | DAA462: 응답항목 | DAB462: 응답수 | DAC462: 비율 | DAI462: 응답항목 | DAJ462: 응답수 | DAK462: 비율 | DAQ462: 응답항목 | DAR462: 응답수 | DAS462: 비율 | DAY462: 응답항목 | DAZ462: 응답수 | DBA462: 비율 | DBG462: 응답항목 | DBH462: 응답수 | DBI462: 비율 | DBO462: 응답항목 | DBP462: 응답수 | DBQ462: 비율 | DBW462: 응답항목 | DBX462: 응답수 | DBY462: 비율 | DCE462: 응답항목 | DCF462: 응답수 | DCG462: 비율 | DCM462: 응답항목 | DCN462: 응답수 | DCO462: 비율 | DCU462: 응답항목 | DCV462: 응답수 | DCW462: 비율 | DDC462: 응답항목 | DDD462: 응답수 | DDE462: 비율 | DDK462: 응답항목 | DDL462: 응답수 | DDM462: 비율 | DDS462: 응답항목 | DDT462: 응답수 | DDU462: 비율 | DEA462: 응답항목 | DEB462: 응답수 | DEC462: 비율 | DEI462: 응답항목 | DEJ462: 응답수 | DEK462: 비율 | DEQ462: 응답항목 | DER462: 응답수 | DES462: 비율 | DEY462: 응답항목 | DEZ462: 응답수 | DFA462: 비율 | DFG462: 응답항목 | DFH462: 응답수 | DFI462: 비율 | DFO462: 응답항목 | DFP462: 응답수 | DFQ462: 비율 | DFW462: 응답항목 | DFX462: 응답수 | DFY462: 비율 | DGE462: 응답항목 | DGF462: 응답수 | DGG462: 비율 | DGM462: 응답항목 | DGN462: 응답수 | DGO462: 비율 | DGU462: 응답항목 | DGV462: 응답수 | DGW462: 비율 | DHC462: 응답항목 | DHD462: 응답수 | DHE462: 비율 | DHK462: 응답항목 | DHL462: 응답수 | DHM462: 비율 | DHS462: 응답항목 | DHT462: 응답수 | DHU462: 비율 | DIA462: 응답항목 | DIB462: 응답수 | DIC462: 비율 | DII462: 응답항목 | DIJ462: 응답수 | DIK462: 비율 | DIQ462: 응답항목 | DIR462: 응답수 | DIS462: 비율 | DIY462: 응답항목 | DIZ462: 응답수 | DJA462: 비율 | DJG462: 응답항목 | DJH462: 응답수 | DJI462: 비율 | DJO462: 응답항목 | DJP462: 응답수 | DJQ462: 비율 | DJW462: 응답항목 | DJX462: 응답수 | DJY462: 비율 | DKE462: 응답항목 | DKF462: 응답수 | DKG462: 비율 | DKM462: 응답항목 | DKN462: 응답수 | DKO462: 비율 | DKU462: 응답항목 | DKV462: 응답수 | DKW462: 비율 | DLC462: 응답항목 | DLD462: 응답수 | DLE462: 비율 | DLK462: 응답항목 | DLL462: 응답수 | DLM462: 비율 | DLS462: 응답항목 | DLT462: 응답수 | DLU462: 비율 | DMA462: 응답항목 | DMB462: 응답수 | DMC462: 비율 | DMI462: 응답항목 | DMJ462: 응답수 | DMK462: 비율 | DMQ462: 응답항목 | DMR462: 응답수 | DMS462: 비율 | DMY462: 응답항목 | DMZ462: 응답수 | DNA462: 비율 | DNG462: 응답항목 | DNH462: 응답수 | DNI462: 비율 | DNO462: 응답항목 | DNP462: 응답수 | DNQ462: 비율 | DNW462: 응답항목 | DNX462: 응답수 | DNY462: 비율 | DOE462: 응답항목 | DOF462: 응답수 | DOG462: 비율 | DOM462: 응답항목 | DON462: 응답수 | DOO462: 비율 | DOU462: 응답항목 | DOV462: 응답수 | DOW462: 비율 | DPC462: 응답항목 | DPD462: 응답수 | DPE462: 비율 | DPK462: 응답항목 | DPL462: 응답수 | DPM462: 비율 | DPS462: 응답항목 | DPT462: 응답수 | DPU462: 비율 | DQA462: 응답항목 | DQB462: 응답수 | DQC462: 비율 | DQI462: 응답항목 | DQJ462: 응답수 | DQK462: 비율 | DQQ462: 응답항목 | DQR462: 응답수 | DQS462: 비율 | DQY462: 응답항목 | DQZ462: 응답수 | DRA462: 비율 | DRG462: 응답항목 | DRH462: 응답수 | DRI462: 비율 | DRO462: 응답항목 | DRP462: 응답수 | DRQ462: 비율 | DRW462: 응답항목 | DRX462: 응답수 | DRY462: 비율 | DSE462: 응답항목 | DSF462: 응답수 | DSG462: 비율 | DSM462: 응답항목 | DSN462: 응답수 | DSO462: 비율 | DSU462: 응답항목 | DSV462: 응답수 | DSW462: 비율 | DTC462: 응답항목 | DTD462: 응답수 | DTE462: 비율 | DTK462: 응답항목 | DTL462: 응답수 | DTM462: 비율 | DTS462: 응답항목 | DTT462: 응답수 | DTU462: 비율 | DUA462: 응답항목 | DUB462: 응답수 | DUC462: 비율 | DUI462: 응답항목 | DUJ462: 응답수 | DUK462: 비율 | DUQ462: 응답항목 | DUR462: 응답수 | DUS462: 비율 | DUY462: 응답항목 | DUZ462: 응답수 | DVA462: 비율 | DVG462: 응답항목 | DVH462: 응답수 | DVI462: 비율 | DVO462: 응답항목 | DVP462: 응답수 | DVQ462: 비율 | DVW462: 응답항목 | DVX462: 응답수 | DVY462: 비율 | DWE462: 응답항목 | DWF462: 응답수 | DWG462: 비율 | DWM462: 응답항목 | DWN462: 응답수 | DWO462: 비율 | DWU462: 응답항목 | DWV462: 응답수 | DWW462: 비율 | DXC462: 응답항목 | DXD462: 응답수 | DXE462: 비율 | DXK462: 응답항목 | DXL462: 응답수 | DXM462: 비율 | DXS462: 응답항목 | DXT462: 응답수 | DXU462: 비율 | DYA462: 응답항목 | DYB462: 응답수 | DYC462: 비율 | DYI462: 응답항목 | DYJ462: 응답수 | DYK462: 비율 | DYQ462: 응답항목 | DYR462: 응답수 | DYS462: 비율 | DYY462: 응답항목 | DYZ462: 응답수 | DZA462: 비율 | DZG462: 응답항목 | DZH462: 응답수 | DZI462: 비율 | DZO462: 응답항목 | DZP462: 응답수 | DZQ462: 비율 | DZW462: 응답항목 | DZX462: 응답수 | DZY462: 비율 | EAE462: 응답항목 | EAF462: 응답수 | EAG462: 비율 | EAM462: 응답항목 | EAN462: 응답수 | EAO462: 비율 | EAU462: 응답항목 | EAV462: 응답수 | EAW462: 비율 | EBC462: 응답항목 | EBD462: 응답수 | EBE462: 비율 | EBK462: 응답항목 | EBL462: 응답수 | EBM462: 비율 | EBS462: 응답항목 | EBT462: 응답수 | EBU462: 비율 | ECA462: 응답항목 | ECB462: 응답수 | ECC462: 비율 | ECI462: 응답항목 | ECJ462: 응답수 | ECK462: 비율 | ECQ462: 응답항목 | ECR462: 응답수 | ECS462: 비율 | ECY462: 응답항목 | ECZ462: 응답수 | EDA462: 비율 | EDG462: 응답항목 | EDH462: 응답수 | EDI462: 비율 | EDO462: 응답항목 | EDP462: 응답수 | EDQ462: 비율 | EDW462: 응답항목 | EDX462: 응답수 | EDY462: 비율 | EEE462: 응답항목 | EEF462: 응답수 | EEG462: 비율 | EEM462: 응답항목 | EEN462: 응답수 | EEO462: 비율 | EEU462: 응답항목 | EEV462: 응답수 | EEW462: 비율 | EFC462: 응답항목 | EFD462: 응답수 | EFE462: 비율 | EFK462: 응답항목 | EFL462: 응답수 | EFM462: 비율 | EFS462: 응답항목 | EFT462: 응답수 | EFU462: 비율 | EGA462: 응답항목 | EGB462: 응답수 | EGC462: 비율 | EGI462: 응답항목 | EGJ462: 응답수 | EGK462: 비율 | EGQ462: 응답항목 | EGR462: 응답수 | EGS462: 비율 | EGY462: 응답항목 | EGZ462: 응답수 | EHA462: 비율 | EHG462: 응답항목 | EHH462: 응답수 | EHI462: 비율 | EHO462: 응답항목 | EHP462: 응답수 | EHQ462: 비율 | EHW462: 응답항목 | EHX462: 응답수 | EHY462: 비율 | EIE462: 응답항목 | EIF462: 응답수 | EIG462: 비율 | EIM462: 응답항목 | EIN462: 응답수 | EIO462: 비율 | EIU462: 응답항목 | EIV462: 응답수 | EIW462: 비율 | EJC462: 응답항목 | EJD462: 응답수 | EJE462: 비율 | EJK462: 응답항목 | EJL462: 응답수 | EJM462: 비율 | EJS462: 응답항목 | EJT462: 응답수 | EJU462: 비율 | EKA462: 응답항목 | EKB462: 응답수 | EKC462: 비율 | EKI462: 응답항목 | EKJ462: 응답수 | EKK462: 비율 | EKQ462: 응답항목 | EKR462: 응답수 | EKS462: 비율 | EKY462: 응답항목 | EKZ462: 응답수 | ELA462: 비율 | ELG462: 응답항목 | ELH462: 응답수 | ELI462: 비율 | ELO462: 응답항목 | ELP462: 응답수 | ELQ462: 비율 | ELW462: 응답항목 | ELX462: 응답수 | ELY462: 비율 | EME462: 응답항목 | EMF462: 응답수 | EMG462: 비율 | EMM462: 응답항목 | EMN462: 응답수 | EMO462: 비율 | EMU462: 응답항목 | EMV462: 응답수 | EMW462: 비율 | ENC462: 응답항목 | END462: 응답수 | ENE462: 비율 | ENK462: 응답항목 | ENL462: 응답수 | ENM462: 비율 | ENS462: 응답항목 | ENT462: 응답수 | ENU462: 비율 | EOA462: 응답항목 | EOB462: 응답수 | EOC462: 비율 | EOI462: 응답항목 | EOJ462: 응답수 | EOK462: 비율 | EOQ462: 응답항목 | EOR462: 응답수 | EOS462: 비율 | EOY462: 응답항목 | EOZ462: 응답수 | EPA462: 비율 | EPG462: 응답항목 | EPH462: 응답수 | EPI462: 비율 | EPO462: 응답항목 | EPP462: 응답수 | EPQ462: 비율 | EPW462: 응답항목 | EPX462: 응답수 | EPY462: 비율 | EQE462: 응답항목 | EQF462: 응답수 | EQG462: 비율 | EQM462: 응답항목 | EQN462: 응답수 | EQO462: 비율 | EQU462: 응답항목 | EQV462: 응답수 | EQW462: 비율 | ERC462: 응답항목 | ERD462: 응답수 | ERE462: 비율 | ERK462: 응답항목 | ERL462: 응답수 | ERM462: 비율 | ERS462: 응답항목 | ERT462: 응답수 | ERU462: 비율 | ESA462: 응답항목 | ESB462: 응답수 | ESC462: 비율 | ESI462: 응답항목 | ESJ462: 응답수 | ESK462: 비율 | ESQ462: 응답항목 | ESR462: 응답수 | ESS462: 비율 | ESY462: 응답항목 | ESZ462: 응답수 | ETA462: 비율 | ETG462: 응답항목 | ETH462: 응답수 | ETI462: 비율 | ETO462: 응답항목 | ETP462: 응답수 | ETQ462: 비율 | ETW462: 응답항목 | ETX462: 응답수 | ETY462: 비율 | EUE462: 응답항목 | EUF462: 응답수 | EUG462: 비율 | EUM462: 응답항목 | EUN462: 응답수 | EUO462: 비율 | EUU462: 응답항목 | EUV462: 응답수 | EUW462: 비율 | EVC462: 응답항목 | EVD462: 응답수 | EVE462: 비율 | EVK462: 응답항목 | EVL462: 응답수 | EVM462: 비율 | EVS462: 응답항목 | EVT462: 응답수 | EVU462: 비율 | EWA462: 응답항목 | EWB462: 응답수 | EWC462: 비율 | EWI462: 응답항목 | EWJ462: 응답수 | EWK462: 비율 | EWQ462: 응답항목 | EWR462: 응답수 | EWS462: 비율 | EWY462: 응답항목 | EWZ462: 응답수 | EXA462: 비율 | EXG462: 응답항목 | EXH462: 응답수 | EXI462: 비율 | EXO462: 응답항목 | EXP462: 응답수 | EXQ462: 비율 | EXW462: 응답항목 | EXX462: 응답수 | EXY462: 비율 | EYE462: 응답항목 | EYF462: 응답수 | EYG462: 비율 | EYM462: 응답항목 | EYN462: 응답수 | EYO462: 비율 | EYU462: 응답항목 | EYV462: 응답수 | EYW462: 비율 | EZC462: 응답항목 | EZD462: 응답수 | EZE462: 비율 | EZK462: 응답항목 | EZL462: 응답수 | EZM462: 비율 | EZS462: 응답항목 | EZT462: 응답수 | EZU462: 비율 | FAA462: 응답항목 | FAB462: 응답수 | FAC462: 비율 | FAI462: 응답항목 | FAJ462: 응답수 | FAK462: 비율 | FAQ462: 응답항목 | FAR462: 응답수 | FAS462: 비율 | FAY462: 응답항목 | FAZ462: 응답수 | FBA462: 비율 | FBG462: 응답항목 | FBH462: 응답수 | FBI462: 비율 | FBO462: 응답항목 | FBP462: 응답수 | FBQ462: 비율 | FBW462: 응답항목 | FBX462: 응답수 | FBY462: 비율 | FCE462: 응답항목 | FCF462: 응답수 | FCG462: 비율 | FCM462: 응답항목 | FCN462: 응답수 | FCO462: 비율 | FCU462: 응답항목 | FCV462: 응답수 | FCW462: 비율 | FDC462: 응답항목 | FDD462: 응답수 | FDE462: 비율 | FDK462: 응답항목 | FDL462: 응답수 | FDM462: 비율 | FDS462: 응답항목 | FDT462: 응답수 | FDU462: 비율 | FEA462: 응답항목 | FEB462: 응답수 | FEC462: 비율 | FEI462: 응답항목 | FEJ462: 응답수 | FEK462: 비율 | FEQ462: 응답항목 | FER462: 응답수 | FES462: 비율 | FEY462: 응답항목 | FEZ462: 응답수 | FFA462: 비율 | FFG462: 응답항목 | FFH462: 응답수 | FFI462: 비율 | FFO462: 응답항목 | FFP462: 응답수 | FFQ462: 비율 | FFW462: 응답항목 | FFX462: 응답수 | FFY462: 비율 | FGE462: 응답항목 | FGF462: 응답수 | FGG462: 비율 | FGM462: 응답항목 | FGN462: 응답수 | FGO462: 비율 | FGU462: 응답항목 | FGV462: 응답수 | FGW462: 비율 | FHC462: 응답항목 | FHD462: 응답수 | FHE462: 비율 | FHK462: 응답항목 | FHL462: 응답수 | FHM462: 비율 | FHS462: 응답항목 | FHT462: 응답수 | FHU462: 비율 | FIA462: 응답항목 | FIB462: 응답수 | FIC462: 비율 | FII462: 응답항목 | FIJ462: 응답수 | FIK462: 비율 | FIQ462: 응답항목 | FIR462: 응답수 | FIS462: 비율 | FIY462: 응답항목 | FIZ462: 응답수 | FJA462: 비율 | FJG462: 응답항목 | FJH462: 응답수 | FJI462: 비율 | FJO462: 응답항목 | FJP462: 응답수 | FJQ462: 비율 | FJW462: 응답항목 | FJX462: 응답수 | FJY462: 비율 | FKE462: 응답항목 | FKF462: 응답수 | FKG462: 비율 | FKM462: 응답항목 | FKN462: 응답수 | FKO462: 비율 | FKU462: 응답항목 | FKV462: 응답수 | FKW462: 비율 | FLC462: 응답항목 | FLD462: 응답수 | FLE462: 비율 | FLK462: 응답항목 | FLL462: 응답수 | FLM462: 비율 | FLS462: 응답항목 | FLT462: 응답수 | FLU462: 비율 | FMA462: 응답항목 | FMB462: 응답수 | FMC462: 비율 | FMI462: 응답항목 | FMJ462: 응답수 | FMK462: 비율 | FMQ462: 응답항목 | FMR462: 응답수 | FMS462: 비율 | FMY462: 응답항목 | FMZ462: 응답수 | FNA462: 비율 | FNG462: 응답항목 | FNH462: 응답수 | FNI462: 비율 | FNO462: 응답항목 | FNP462: 응답수 | FNQ462: 비율 | FNW462: 응답항목 | FNX462: 응답수 | FNY462: 비율 | FOE462: 응답항목 | FOF462: 응답수 | FOG462: 비율 | FOM462: 응답항목 | FON462: 응답수 | FOO462: 비율 | FOU462: 응답항목 | FOV462: 응답수 | FOW462: 비율 | FPC462: 응답항목 | FPD462: 응답수 | FPE462: 비율 | FPK462: 응답항목 | FPL462: 응답수 | FPM462: 비율 | FPS462: 응답항목 | FPT462: 응답수 | FPU462: 비율 | FQA462: 응답항목 | FQB462: 응답수 | FQC462: 비율 | FQI462: 응답항목 | FQJ462: 응답수 | FQK462: 비율 | FQQ462: 응답항목 | FQR462: 응답수 | FQS462: 비율 | FQY462: 응답항목 | FQZ462: 응답수 | FRA462: 비율 | FRG462: 응답항목 | FRH462: 응답수 | FRI462: 비율 | FRO462: 응답항목 | FRP462: 응답수 | FRQ462: 비율 | FRW462: 응답항목 | FRX462: 응답수 | FRY462: 비율 | FSE462: 응답항목 | FSF462: 응답수 | FSG462: 비율 | FSM462: 응답항목 | FSN462: 응답수 | FSO462: 비율 | FSU462: 응답항목 | FSV462: 응답수 | FSW462: 비율 | FTC462: 응답항목 | FTD462: 응답수 | FTE462: 비율 | FTK462: 응답항목 | FTL462: 응답수 | FTM462: 비율 | FTS462: 응답항목 | FTT462: 응답수 | FTU462: 비율 | FUA462: 응답항목 | FUB462: 응답수 | FUC462: 비율 | FUI462: 응답항목 | FUJ462: 응답수 | FUK462: 비율 | FUQ462: 응답항목 | FUR462: 응답수 | FUS462: 비율 | FUY462: 응답항목 | FUZ462: 응답수 | FVA462: 비율 | FVG462: 응답항목 | FVH462: 응답수 | FVI462: 비율 | FVO462: 응답항목 | FVP462: 응답수 | FVQ462: 비율 | FVW462: 응답항목 | FVX462: 응답수 | FVY462: 비율 | FWE462: 응답항목 | FWF462: 응답수 | FWG462: 비율 | FWM462: 응답항목 | FWN462: 응답수 | FWO462: 비율 | FWU462: 응답항목 | FWV462: 응답수 | FWW462: 비율 | FXC462: 응답항목 | FXD462: 응답수 | FXE462: 비율 | FXK462: 응답항목 | FXL462: 응답수 | FXM462: 비율 | FXS462: 응답항목 | FXT462: 응답수 | FXU462: 비율 | FYA462: 응답항목 | FYB462: 응답수 | FYC462: 비율 | FYI462: 응답항목 | FYJ462: 응답수 | FYK462: 비율 | FYQ462: 응답항목 | FYR462: 응답수 | FYS462: 비율 | FYY462: 응답항목 | FYZ462: 응답수 | FZA462: 비율 | FZG462: 응답항목 | FZH462: 응답수 | FZI462: 비율 | FZO462: 응답항목 | FZP462: 응답수 | FZQ462: 비율 | FZW462: 응답항목 | FZX462: 응답수 | FZY462: 비율 | GAE462: 응답항목 | GAF462: 응답수 | GAG462: 비율 | GAM462: 응답항목 | GAN462: 응답수 | GAO462: 비율 | GAU462: 응답항목 | GAV462: 응답수 | GAW462: 비율 | GBC462: 응답항목 | GBD462: 응답수 | GBE462: 비율 | GBK462: 응답항목 | GBL462: 응답수 | GBM462: 비율 | GBS462: 응답항목 | GBT462: 응답수 | GBU462: 비율 | GCA462: 응답항목 | GCB462: 응답수 | GCC462: 비율 | GCI462: 응답항목 | GCJ462: 응답수 | GCK462: 비율 | GCQ462: 응답항목 | GCR462: 응답수 | GCS462: 비율 | GCY462: 응답항목 | GCZ462: 응답수 | GDA462: 비율 | GDG462: 응답항목 | GDH462: 응답수 | GDI462: 비율 | GDO462: 응답항목 | GDP462: 응답수 | GDQ462: 비율 | GDW462: 응답항목 | GDX462: 응답수 | GDY462: 비율 | GEE462: 응답항목 | GEF462: 응답수 | GEG462: 비율 | GEM462: 응답항목 | GEN462: 응답수 | GEO462: 비율 | GEU462: 응답항목 | GEV462: 응답수 | GEW462: 비율 | GFC462: 응답항목 | GFD462: 응답수 | GFE462: 비율 | GFK462: 응답항목 | GFL462: 응답수 | GFM462: 비율 | GFS462: 응답항목 | GFT462: 응답수 | GFU462: 비율 | GGA462: 응답항목 | GGB462: 응답수 | GGC462: 비율 | GGI462: 응답항목 | GGJ462: 응답수 | GGK462: 비율 | GGQ462: 응답항목 | GGR462: 응답수 | GGS462: 비율 | GGY462: 응답항목 | GGZ462: 응답수 | GHA462: 비율 | GHG462: 응답항목 | GHH462: 응답수 | GHI462: 비율 | GHO462: 응답항목 | GHP462: 응답수 | GHQ462: 비율 | GHW462: 응답항목 | GHX462: 응답수 | GHY462: 비율 | GIE462: 응답항목 | GIF462: 응답수 | GIG462: 비율 | GIM462: 응답항목 | GIN462: 응답수 | GIO462: 비율 | GIU462: 응답항목 | GIV462: 응답수 | GIW462: 비율 | GJC462: 응답항목 | GJD462: 응답수 | GJE462: 비율 | GJK462: 응답항목 | GJL462: 응답수 | GJM462: 비율 | GJS462: 응답항목 | GJT462: 응답수 | GJU462: 비율 | GKA462: 응답항목 | GKB462: 응답수 | GKC462: 비율 | GKI462: 응답항목 | GKJ462: 응답수 | GKK462: 비율 | GKQ462: 응답항목 | GKR462: 응답수 | GKS462: 비율 | GKY462: 응답항목 | GKZ462: 응답수 | GLA462: 비율 | GLG462: 응답항목 | GLH462: 응답수 | GLI462: 비율 | GLO462: 응답항목 | GLP462: 응답수 | GLQ462: 비율 | GLW462: 응답항목 | GLX462: 응답수 | GLY462: 비율 | GME462: 응답항목 | GMF462: 응답수 | GMG462: 비율 | GMM462: 응답항목 | GMN462: 응답수 | GMO462: 비율 | GMU462: 응답항목 | GMV462: 응답수 | GMW462: 비율 | GNC462: 응답항목 | GND462: 응답수 | GNE462: 비율 | GNK462: 응답항목 | GNL462: 응답수 | GNM462: 비율 | GNS462: 응답항목 | GNT462: 응답수 | GNU462: 비율 | GOA462: 응답항목 | GOB462: 응답수 | GOC462: 비율 | GOI462: 응답항목 | GOJ462: 응답수 | GOK462: 비율 | GOQ462: 응답항목 | GOR462: 응답수 | GOS462: 비율 | GOY462: 응답항목 | GOZ462: 응답수 | GPA462: 비율 | GPG462: 응답항목 | GPH462: 응답수 | GPI462: 비율 | GPO462: 응답항목 | GPP462: 응답수 | GPQ462: 비율 | GPW462: 응답항목 | GPX462: 응답수 | GPY462: 비율 | GQE462: 응답항목 | GQF462: 응답수 | GQG462: 비율 | GQM462: 응답항목 | GQN462: 응답수 | GQO462: 비율 | GQU462: 응답항목 | GQV462: 응답수 | GQW462: 비율 | GRC462: 응답항목 | GRD462: 응답수 | GRE462: 비율 | GRK462: 응답항목 | GRL462: 응답수 | GRM462: 비율 | GRS462: 응답항목 | GRT462: 응답수 | GRU462: 비율 | GSA462: 응답항목 | GSB462: 응답수 | GSC462: 비율 | GSI462: 응답항목 | GSJ462: 응답수 | GSK462: 비율 | GSQ462: 응답항목 | GSR462: 응답수 | GSS462: 비율 | GSY462: 응답항목 | GSZ462: 응답수 | GTA462: 비율 | GTG462: 응답항목 | GTH462: 응답수 | GTI462: 비율 | GTO462: 응답항목 | GTP462: 응답수 | GTQ462: 비율 | GTW462: 응답항목 | GTX462: 응답수 | GTY462: 비율 | GUE462: 응답항목 | GUF462: 응답수 | GUG462: 비율 | GUM462: 응답항목 | GUN462: 응답수 | GUO462: 비율 | GUU462: 응답항목 | GUV462: 응답수 | GUW462: 비율 | GVC462: 응답항목 | GVD462: 응답수 | GVE462: 비율 | GVK462: 응답항목 | GVL462: 응답수 | GVM462: 비율 | GVS462: 응답항목 | GVT462: 응답수 | GVU462: 비율 | GWA462: 응답항목 | GWB462: 응답수 | GWC462: 비율 | GWI462: 응답항목 | GWJ462: 응답수 | GWK462: 비율 | GWQ462: 응답항목 | GWR462: 응답수 | GWS462: 비율 | GWY462: 응답항목 | GWZ462: 응답수 | GXA462: 비율 | GXG462: 응답항목 | GXH462: 응답수 | GXI462: 비율 | GXO462: 응답항목 | GXP462: 응답수 | GXQ462: 비율 | GXW462: 응답항목 | GXX462: 응답수 | GXY462: 비율 | GYE462: 응답항목 | GYF462: 응답수 | GYG462: 비율 | GYM462: 응답항목 | GYN462: 응답수 | GYO462: 비율 | GYU462: 응답항목 | GYV462: 응답수 | GYW462: 비율 | GZC462: 응답항목 | GZD462: 응답수 | GZE462: 비율 | GZK462: 응답항목 | GZL462: 응답수 | GZM462: 비율 | GZS462: 응답항목 | GZT462: 응답수 | GZU462: 비율 | HAA462: 응답항목 | HAB462: 응답수 | HAC462: 비율 | HAI462: 응답항목 | HAJ462: 응답수 | HAK462: 비율 | HAQ462: 응답항목 | HAR462: 응답수 | HAS462: 비율 | HAY462: 응답항목 | HAZ462: 응답수 | HBA462: 비율 | HBG462: 응답항목 | HBH462: 응답수 | HBI462: 비율 | HBO462: 응답항목 | HBP462: 응답수 | HBQ462: 비율 | HBW462: 응답항목 | HBX462: 응답수 | HBY462: 비율 | HCE462: 응답항목 | HCF462: 응답수 | HCG462: 비율 | HCM462: 응답항목 | HCN462: 응답수 | HCO462: 비율 | HCU462: 응답항목 | HCV462: 응답수 | HCW462: 비율 | HDC462: 응답항목 | HDD462: 응답수 | HDE462: 비율 | HDK462: 응답항목 | HDL462: 응답수 | HDM462: 비율 | HDS462: 응답항목 | HDT462: 응답수 | HDU462: 비율 | HEA462: 응답항목 | HEB462: 응답수 | HEC462: 비율 | HEI462: 응답항목 | HEJ462: 응답수 | HEK462: 비율 | HEQ462: 응답항목 | HER462: 응답수 | HES462: 비율 | HEY462: 응답항목 | HEZ462: 응답수 | HFA462: 비율 | HFG462: 응답항목 | HFH462: 응답수 | HFI462: 비율 | HFO462: 응답항목 | HFP462: 응답수 | HFQ462: 비율 | HFW462: 응답항목 | HFX462: 응답수 | HFY462: 비율 | HGE462: 응답항목 | HGF462: 응답수 | HGG462: 비율 | HGM462: 응답항목 | HGN462: 응답수 | HGO462: 비율 | HGU462: 응답항목 | HGV462: 응답수 | HGW462: 비율 | HHC462: 응답항목 | HHD462: 응답수 | HHE462: 비율 | HHK462: 응답항목 | HHL462: 응답수 | HHM462: 비율 | HHS462: 응답항목 | HHT462: 응답수 | HHU462: 비율 | HIA462: 응답항목 | HIB462: 응답수 | HIC462: 비율 | HII462: 응답항목 | HIJ462: 응답수 | HIK462: 비율 | HIQ462: 응답항목 | HIR462: 응답수 | HIS462: 비율 | HIY462: 응답항목 | HIZ462: 응답수 | HJA462: 비율 | HJG462: 응답항목 | HJH462: 응답수 | HJI462: 비율 | HJO462: 응답항목 | HJP462: 응답수 | HJQ462: 비율 | HJW462: 응답항목 | HJX462: 응답수 | HJY462: 비율 | HKE462: 응답항목 | HKF462: 응답수 | HKG462: 비율 | HKM462: 응답항목 | HKN462: 응답수 | HKO462: 비율 | HKU462: 응답항목 | HKV462: 응답수 | HKW462: 비율 | HLC462: 응답항목 | HLD462: 응답수 | HLE462: 비율 | HLK462: 응답항목 | HLL462: 응답수 | HLM462: 비율 | HLS462: 응답항목 | HLT462: 응답수 | HLU462: 비율 | HMA462: 응답항목 | HMB462: 응답수 | HMC462: 비율 | HMI462: 응답항목 | HMJ462: 응답수 | HMK462: 비율 | HMQ462: 응답항목 | HMR462: 응답수 | HMS462: 비율 | HMY462: 응답항목 | HMZ462: 응답수 | HNA462: 비율 | HNG462: 응답항목 | HNH462: 응답수 | HNI462: 비율 | HNO462: 응답항목 | HNP462: 응답수 | HNQ462: 비율 | HNW462: 응답항목 | HNX462: 응답수 | HNY462: 비율 | HOE462: 응답항목 | HOF462: 응답수 | HOG462: 비율 | HOM462: 응답항목 | HON462: 응답수 | HOO462: 비율 | HOU462: 응답항목 | HOV462: 응답수 | HOW462: 비율 | HPC462: 응답항목 | HPD462: 응답수 | HPE462: 비율 | HPK462: 응답항목 | HPL462: 응답수 | HPM462: 비율 | HPS462: 응답항목 | HPT462: 응답수 | HPU462: 비율 | HQA462: 응답항목 | HQB462: 응답수 | HQC462: 비율 | HQI462: 응답항목 | HQJ462: 응답수 | HQK462: 비율 | HQQ462: 응답항목 | HQR462: 응답수 | HQS462: 비율 | HQY462: 응답항목 | HQZ462: 응답수 | HRA462: 비율 | HRG462: 응답항목 | HRH462: 응답수 | HRI462: 비율 | HRO462: 응답항목 | HRP462: 응답수 | HRQ462: 비율 | HRW462: 응답항목 | HRX462: 응답수 | HRY462: 비율 | HSE462: 응답항목 | HSF462: 응답수 | HSG462: 비율 | HSM462: 응답항목 | HSN462: 응답수 | HSO462: 비율 | HSU462: 응답항목 | HSV462: 응답수 | HSW462: 비율 | HTC462: 응답항목 | HTD462: 응답수 | HTE462: 비율 | HTK462: 응답항목 | HTL462: 응답수 | HTM462: 비율 | HTS462: 응답항목 | HTT462: 응답수 | HTU462: 비율 | HUA462: 응답항목 | HUB462: 응답수 | HUC462: 비율 | HUI462: 응답항목 | HUJ462: 응답수 | HUK462: 비율 | HUQ462: 응답항목 | HUR462: 응답수 | HUS462: 비율 | HUY462: 응답항목 | HUZ462: 응답수 | HVA462: 비율 | HVG462: 응답항목 | HVH462: 응답수 | HVI462: 비율 | HVO462: 응답항목 | HVP462: 응답수 | HVQ462: 비율 | HVW462: 응답항목 | HVX462: 응답수 | HVY462: 비율 | HWE462: 응답항목 | HWF462: 응답수 | HWG462: 비율 | HWM462: 응답항목 | HWN462: 응답수 | HWO462: 비율 | HWU462: 응답항목 | HWV462: 응답수 | HWW462: 비율 | HXC462: 응답항목 | HXD462: 응답수 | HXE462: 비율 | HXK462: 응답항목 | HXL462: 응답수 | HXM462: 비율 | HXS462: 응답항목 | HXT462: 응답수 | HXU462: 비율 | HYA462: 응답항목 | HYB462: 응답수 | HYC462: 비율 | HYI462: 응답항목 | HYJ462: 응답수 | HYK462: 비율 | HYQ462: 응답항목 | HYR462: 응답수 | HYS462: 비율 | HYY462: 응답항목 | HYZ462: 응답수 | HZA462: 비율 | HZG462: 응답항목 | HZH462: 응답수 | HZI462: 비율 | HZO462: 응답항목 | HZP462: 응답수 | HZQ462: 비율 | HZW462: 응답항목 | HZX462: 응답수 | HZY462: 비율 | IAE462: 응답항목 | IAF462: 응답수 | IAG462: 비율 | IAM462: 응답항목 | IAN462: 응답수 | IAO462: 비율 | IAU462: 응답항목 | IAV462: 응답수 | IAW462: 비율 | IBC462: 응답항목 | IBD462: 응답수 | IBE462: 비율 | IBK462: 응답항목 | IBL462: 응답수 | IBM462: 비율 | IBS462: 응답항목 | IBT462: 응답수 | IBU462: 비율 | ICA462: 응답항목 | ICB462: 응답수 | ICC462: 비율 | ICI462: 응답항목 | ICJ462: 응답수 | ICK462: 비율 | ICQ462: 응답항목 | ICR462: 응답수 | ICS462: 비율 | ICY462: 응답항목 | ICZ462: 응답수 | IDA462: 비율 | IDG462: 응답항목 | IDH462: 응답수 | IDI462: 비율 | IDO462: 응답항목 | IDP462: 응답수 | IDQ462: 비율 | IDW462: 응답항목 | IDX462: 응답수 | IDY462: 비율 | IEE462: 응답항목 | IEF462: 응답수 | IEG462: 비율 | IEM462: 응답항목 | IEN462: 응답수 | IEO462: 비율 | IEU462: 응답항목 | IEV462: 응답수 | IEW462: 비율 | IFC462: 응답항목 | IFD462: 응답수 | IFE462: 비율 | IFK462: 응답항목 | IFL462: 응답수 | IFM462: 비율 | IFS462: 응답항목 | IFT462: 응답수 | IFU462: 비율 | IGA462: 응답항목 | IGB462: 응답수 | IGC462: 비율 | IGI462: 응답항목 | IGJ462: 응답수 | IGK462: 비율 | IGQ462: 응답항목 | IGR462: 응답수 | IGS462: 비율 | IGY462: 응답항목 | IGZ462: 응답수 | IHA462: 비율 | IHG462: 응답항목 | IHH462: 응답수 | IHI462: 비율 | IHO462: 응답항목 | IHP462: 응답수 | IHQ462: 비율 | IHW462: 응답항목 | IHX462: 응답수 | IHY462: 비율 | IIE462: 응답항목 | IIF462: 응답수 | IIG462: 비율 | IIM462: 응답항목 | IIN462: 응답수 | IIO462: 비율 | IIU462: 응답항목 | IIV462: 응답수 | IIW462: 비율 | IJC462: 응답항목 | IJD462: 응답수 | IJE462: 비율 | IJK462: 응답항목 | IJL462: 응답수 | IJM462: 비율 | IJS462: 응답항목 | IJT462: 응답수 | IJU462: 비율 | IKA462: 응답항목 | IKB462: 응답수 | IKC462: 비율 | IKI462: 응답항목 | IKJ462: 응답수 | IKK462: 비율 | IKQ462: 응답항목 | IKR462: 응답수 | IKS462: 비율 | IKY462: 응답항목 | IKZ462: 응답수 | ILA462: 비율 | ILG462: 응답항목 | ILH462: 응답수 | ILI462: 비율 | ILO462: 응답항목 | ILP462: 응답수 | ILQ462: 비율 | ILW462: 응답항목 | ILX462: 응답수 | ILY462: 비율 | IME462: 응답항목 | IMF462: 응답수 | IMG462: 비율 | IMM462: 응답항목 | IMN462: 응답수 | IMO462: 비율 | IMU462: 응답항목 | IMV462: 응답수 | IMW462: 비율 | INC462: 응답항목 | IND462: 응답수 | INE462: 비율 | INK462: 응답항목 | INL462: 응답수 | INM462: 비율 | INS462: 응답항목 | INT462: 응답수 | INU462: 비율 | IOA462: 응답항목 | IOB462: 응답수 | IOC462: 비율 | IOI462: 응답항목 | IOJ462: 응답수 | IOK462: 비율 | IOQ462: 응답항목 | IOR462: 응답수 | IOS462: 비율 | IOY462: 응답항목 | IOZ462: 응답수 | IPA462: 비율 | IPG462: 응답항목 | IPH462: 응답수 | IPI462: 비율 | IPO462: 응답항목 | IPP462: 응답수 | IPQ462: 비율 | IPW462: 응답항목 | IPX462: 응답수 | IPY462: 비율 | IQE462: 응답항목 | IQF462: 응답수 | IQG462: 비율 | IQM462: 응답항목 | IQN462: 응답수 | IQO462: 비율 | IQU462: 응답항목 | IQV462: 응답수 | IQW462: 비율 | IRC462: 응답항목 | IRD462: 응답수 | IRE462: 비율 | IRK462: 응답항목 | IRL462: 응답수 | IRM462: 비율 | IRS462: 응답항목 | IRT462: 응답수 | IRU462: 비율 | ISA462: 응답항목 | ISB462: 응답수 | ISC462: 비율 | ISI462: 응답항목 | ISJ462: 응답수 | ISK462: 비율 | ISQ462: 응답항목 | ISR462: 응답수 | ISS462: 비율 | ISY462: 응답항목 | ISZ462: 응답수 | ITA462: 비율 | ITG462: 응답항목 | ITH462: 응답수 | ITI462: 비율 | ITO462: 응답항목 | ITP462: 응답수 | ITQ462: 비율 | ITW462: 응답항목 | ITX462: 응답수 | ITY462: 비율 | IUE462: 응답항목 | IUF462: 응답수 | IUG462: 비율 | IUM462: 응답항목 | IUN462: 응답수 | IUO462: 비율 | IUU462: 응답항목 | IUV462: 응답수 | IUW462: 비율 | IVC462: 응답항목 | IVD462: 응답수 | IVE462: 비율 | IVK462: 응답항목 | IVL462: 응답수 | IVM462: 비율 | IVS462: 응답항목 | IVT462: 응답수 | IVU462: 비율 | IWA462: 응답항목 | IWB462: 응답수 | IWC462: 비율 | IWI462: 응답항목 | IWJ462: 응답수 | IWK462: 비율 | IWQ462: 응답항목 | IWR462: 응답수 | IWS462: 비율 | IWY462: 응답항목 | IWZ462: 응답수 | IXA462: 비율 | IXG462: 응답항목 | IXH462: 응답수 | IXI462: 비율 | IXO462: 응답항목 | IXP462: 응답수 | IXQ462: 비율 | IXW462: 응답항목 | IXX462: 응답수 | IXY462: 비율 | IYE462: 응답항목 | IYF462: 응답수 | IYG462: 비율 | IYM462: 응답항목 | IYN462: 응답수 | IYO462: 비율 | IYU462: 응답항목 | IYV462: 응답수 | IYW462: 비율 | IZC462: 응답항목 | IZD462: 응답수 | IZE462: 비율 | IZK462: 응답항목 | IZL462: 응답수 | IZM462: 비율 | IZS462: 응답항목 | IZT462: 응답수 | IZU462: 비율 | JAA462: 응답항목 | JAB462: 응답수 | JAC462: 비율 | JAI462: 응답항목 | JAJ462: 응답수 | JAK462: 비율 | JAQ462: 응답항목 | JAR462: 응답수 | JAS462: 비율 | JAY462: 응답항목 | JAZ462: 응답수 | JBA462: 비율 | JBG462: 응답항목 | JBH462: 응답수 | JBI462: 비율 | JBO462: 응답항목 | JBP462: 응답수 | JBQ462: 비율 | JBW462: 응답항목 | JBX462: 응답수 | JBY462: 비율 | JCE462: 응답항목 | JCF462: 응답수 | JCG462: 비율 | JCM462: 응답항목 | JCN462: 응답수 | JCO462: 비율 | JCU462: 응답항목 | JCV462: 응답수 | JCW462: 비율 | JDC462: 응답항목 | JDD462: 응답수 | JDE462: 비율 | JDK462: 응답항목 | JDL462: 응답수 | JDM462: 비율 | JDS462: 응답항목 | JDT462: 응답수 | JDU462: 비율 | JEA462: 응답항목 | JEB462: 응답수 | JEC462: 비율 | JEI462: 응답항목 | JEJ462: 응답수 | JEK462: 비율 | JEQ462: 응답항목 | JER462: 응답수 | JES462: 비율 | JEY462: 응답항목 | JEZ462: 응답수 | JFA462: 비율 | JFG462: 응답항목 | JFH462: 응답수 | JFI462: 비율 | JFO462: 응답항목 | JFP462: 응답수 | JFQ462: 비율 | JFW462: 응답항목 | JFX462: 응답수 | JFY462: 비율 | JGE462: 응답항목 | JGF462: 응답수 | JGG462: 비율 | JGM462: 응답항목 | JGN462: 응답수 | JGO462: 비율 | JGU462: 응답항목 | JGV462: 응답수 | JGW462: 비율 | JHC462: 응답항목 | JHD462: 응답수 | JHE462: 비율 | JHK462: 응답항목 | JHL462: 응답수 | JHM462: 비율 | JHS462: 응답항목 | JHT462: 응답수 | JHU462: 비율 | JIA462: 응답항목 | JIB462: 응답수 | JIC462: 비율 | JII462: 응답항목 | JIJ462: 응답수 | JIK462: 비율 | JIQ462: 응답항목 | JIR462: 응답수 | JIS462: 비율 | JIY462: 응답항목 | JIZ462: 응답수 | JJA462: 비율 | JJG462: 응답항목 | JJH462: 응답수 | JJI462: 비율 | JJO462: 응답항목 | JJP462: 응답수 | JJQ462: 비율 | JJW462: 응답항목 | JJX462: 응답수 | JJY462: 비율 | JKE462: 응답항목 | JKF462: 응답수 | JKG462: 비율 | JKM462: 응답항목 | JKN462: 응답수 | JKO462: 비율 | JKU462: 응답항목 | JKV462: 응답수 | JKW462: 비율 | JLC462: 응답항목 | JLD462: 응답수 | JLE462: 비율 | JLK462: 응답항목 | JLL462: 응답수 | JLM462: 비율 | JLS462: 응답항목 | JLT462: 응답수 | JLU462: 비율 | JMA462: 응답항목 | JMB462: 응답수 | JMC462: 비율 | JMI462: 응답항목 | JMJ462: 응답수 | JMK462: 비율 | JMQ462: 응답항목 | JMR462: 응답수 | JMS462: 비율 | JMY462: 응답항목 | JMZ462: 응답수 | JNA462: 비율 | JNG462: 응답항목 | JNH462: 응답수 | JNI462: 비율 | JNO462: 응답항목 | JNP462: 응답수 | JNQ462: 비율 | JNW462: 응답항목 | JNX462: 응답수 | JNY462: 비율 | JOE462: 응답항목 | JOF462: 응답수 | JOG462: 비율 | JOM462: 응답항목 | JON462: 응답수 | JOO462: 비율 | JOU462: 응답항목 | JOV462: 응답수 | JOW462: 비율 | JPC462: 응답항목 | JPD462: 응답수 | JPE462: 비율 | JPK462: 응답항목 | JPL462: 응답수 | JPM462: 비율 | JPS462: 응답항목 | JPT462: 응답수 | JPU462: 비율 | JQA462: 응답항목 | JQB462: 응답수 | JQC462: 비율 | JQI462: 응답항목 | JQJ462: 응답수 | JQK462: 비율 | JQQ462: 응답항목 | JQR462: 응답수 | JQS462: 비율 | JQY462: 응답항목 | JQZ462: 응답수 | JRA462: 비율 | JRG462: 응답항목 | JRH462: 응답수 | JRI462: 비율 | JRO462: 응답항목 | JRP462: 응답수 | JRQ462: 비율 | JRW462: 응답항목 | JRX462: 응답수 | JRY462: 비율 | JSE462: 응답항목 | JSF462: 응답수 | JSG462: 비율 | JSM462: 응답항목 | JSN462: 응답수 | JSO462: 비율 | JSU462: 응답항목 | JSV462: 응답수 | JSW462: 비율 | JTC462: 응답항목 | JTD462: 응답수 | JTE462: 비율 | JTK462: 응답항목 | JTL462: 응답수 | JTM462: 비율 | JTS462: 응답항목 | JTT462: 응답수 | JTU462: 비율 | JUA462: 응답항목 | JUB462: 응답수 | JUC462: 비율 | JUI462: 응답항목 | JUJ462: 응답수 | JUK462: 비율 | JUQ462: 응답항목 | JUR462: 응답수 | JUS462: 비율 | JUY462: 응답항목 | JUZ462: 응답수 | JVA462: 비율 | JVG462: 응답항목 | JVH462: 응답수 | JVI462: 비율 | JVO462: 응답항목 | JVP462: 응답수 | JVQ462: 비율 | JVW462: 응답항목 | JVX462: 응답수 | JVY462: 비율 | JWE462: 응답항목 | JWF462: 응답수 | JWG462: 비율 | JWM462: 응답항목 | JWN462: 응답수 | JWO462: 비율 | JWU462: 응답항목 | JWV462: 응답수 | JWW462: 비율 | JXC462: 응답항목 | JXD462: 응답수 | JXE462: 비율 | JXK462: 응답항목 | JXL462: 응답수 | JXM462: 비율 | JXS462: 응답항목 | JXT462: 응답수 | JXU462: 비율 | JYA462: 응답항목 | JYB462: 응답수 | JYC462: 비율 | JYI462: 응답항목 | JYJ462: 응답수 | JYK462: 비율 | JYQ462: 응답항목 | JYR462: 응답수 | JYS462: 비율 | JYY462: 응답항목 | JYZ462: 응답수 | JZA462: 비율 | JZG462: 응답항목 | JZH462: 응답수 | JZI462: 비율 | JZO462: 응답항목 | JZP462: 응답수 | JZQ462: 비율 | JZW462: 응답항목 | JZX462: 응답수 | JZY462: 비율 | KAE462: 응답항목 | KAF462: 응답수 | KAG462: 비율 | KAM462: 응답항목 | KAN462: 응답수 | KAO462: 비율 | KAU462: 응답항목 | KAV462: 응답수 | KAW462: 비율 | KBC462: 응답항목 | KBD462: 응답수 | KBE462: 비율 | KBK462: 응답항목 | KBL462: 응답수 | KBM462: 비율 | KBS462: 응답항목 | KBT462: 응답수 | KBU462: 비율 | KCA462: 응답항목 | KCB462: 응답수 | KCC462: 비율 | KCI462: 응답항목 | KCJ462: 응답수 | KCK462: 비율 | KCQ462: 응답항목 | KCR462: 응답수 | KCS462: 비율 | KCY462: 응답항목 | KCZ462: 응답수 | KDA462: 비율 | KDG462: 응답항목 | KDH462: 응답수 | KDI462: 비율 | KDO462: 응답항목 | KDP462: 응답수 | KDQ462: 비율 | KDW462: 응답항목 | KDX462: 응답수 | KDY462: 비율 | KEE462: 응답항목 | KEF462: 응답수 | KEG462: 비율 | KEM462: 응답항목 | KEN462: 응답수 | KEO462: 비율 | KEU462: 응답항목 | KEV462: 응답수 | KEW462: 비율 | KFC462: 응답항목 | KFD462: 응답수 | KFE462: 비율 | KFK462: 응답항목 | KFL462: 응답수 | KFM462: 비율 | KFS462: 응답항목 | KFT462: 응답수 | KFU462: 비율 | KGA462: 응답항목 | KGB462: 응답수 | KGC462: 비율 | KGI462: 응답항목 | KGJ462: 응답수 | KGK462: 비율 | KGQ462: 응답항목 | KGR462: 응답수 | KGS462: 비율 | KGY462: 응답항목 | KGZ462: 응답수 | KHA462: 비율 | KHG462: 응답항목 | KHH462: 응답수 | KHI462: 비율 | KHO462: 응답항목 | KHP462: 응답수 | KHQ462: 비율 | KHW462: 응답항목 | KHX462: 응답수 | KHY462: 비율 | KIE462: 응답항목 | KIF462: 응답수 | KIG462: 비율 | KIM462: 응답항목 | KIN462: 응답수 | KIO462: 비율 | KIU462: 응답항목 | KIV462: 응답수 | KIW462: 비율 | KJC462: 응답항목 | KJD462: 응답수 | KJE462: 비율 | KJK462: 응답항목 | KJL462: 응답수 | KJM462: 비율 | KJS462: 응답항목 | KJT462: 응답수 | KJU462: 비율 | KKA462: 응답항목 | KKB462: 응답수 | KKC462: 비율 | KKI462: 응답항목 | KKJ462: 응답수 | KKK462: 비율 | KKQ462: 응답항목 | KKR462: 응답수 | KKS462: 비율 | KKY462: 응답항목 | KKZ462: 응답수 | KLA462: 비율 | KLG462: 응답항목 | KLH462: 응답수 | KLI462: 비율 | KLO462: 응답항목 | KLP462: 응답수 | KLQ462: 비율 | KLW462: 응답항목 | KLX462: 응답수 | KLY462: 비율 | KME462: 응답항목 | KMF462: 응답수 | KMG462: 비율 | KMM462: 응답항목 | KMN462: 응답수 | KMO462: 비율 | KMU462: 응답항목 | KMV462: 응답수 | KMW462: 비율 | KNC462: 응답항목 | KND462: 응답수 | KNE462: 비율 | KNK462: 응답항목 | KNL462: 응답수 | KNM462: 비율 | KNS462: 응답항목 | KNT462: 응답수 | KNU462: 비율 | KOA462: 응답항목 | KOB462: 응답수 | KOC462: 비율 | KOI462: 응답항목 | KOJ462: 응답수 | KOK462: 비율 | KOQ462: 응답항목 | KOR462: 응답수 | KOS462: 비율 | KOY462: 응답항목 | KOZ462: 응답수 | KPA462: 비율 | KPG462: 응답항목 | KPH462: 응답수 | KPI462: 비율 | KPO462: 응답항목 | KPP462: 응답수 | KPQ462: 비율 | KPW462: 응답항목 | KPX462: 응답수 | KPY462: 비율 | KQE462: 응답항목 | KQF462: 응답수 | KQG462: 비율 | KQM462: 응답항목 | KQN462: 응답수 | KQO462: 비율 | KQU462: 응답항목 | KQV462: 응답수 | KQW462: 비율 | KRC462: 응답항목 | KRD462: 응답수 | KRE462: 비율 | KRK462: 응답항목 | KRL462: 응답수 | KRM462: 비율 | KRS462: 응답항목 | KRT462: 응답수 | KRU462: 비율 | KSA462: 응답항목 | KSB462: 응답수 | KSC462: 비율 | KSI462: 응답항목 | KSJ462: 응답수 | KSK462: 비율 | KSQ462: 응답항목 | KSR462: 응답수 | KSS462: 비율 | KSY462: 응답항목 | KSZ462: 응답수 | KTA462: 비율 | KTG462: 응답항목 | KTH462: 응답수 | KTI462: 비율 | KTO462: 응답항목 | KTP462: 응답수 | KTQ462: 비율 | KTW462: 응답항목 | KTX462: 응답수 | KTY462: 비율 | KUE462: 응답항목 | KUF462: 응답수 | KUG462: 비율 | KUM462: 응답항목 | KUN462: 응답수 | KUO462: 비율 | KUU462: 응답항목 | KUV462: 응답수 | KUW462: 비율 | KVC462: 응답항목 | KVD462: 응답수 | KVE462: 비율 | KVK462: 응답항목 | KVL462: 응답수 | KVM462: 비율 | KVS462: 응답항목 | KVT462: 응답수 | KVU462: 비율 | KWA462: 응답항목 | KWB462: 응답수 | KWC462: 비율 | KWI462: 응답항목 | KWJ462: 응답수 | KWK462: 비율 | KWQ462: 응답항목 | KWR462: 응답수 | KWS462: 비율 | KWY462: 응답항목 | KWZ462: 응답수 | KXA462: 비율 | KXG462: 응답항목 | KXH462: 응답수 | KXI462: 비율 | KXO462: 응답항목 | KXP462: 응답수 | KXQ462: 비율 | KXW462: 응답항목 | KXX462: 응답수 | KXY462: 비율 | KYE462: 응답항목 | KYF462: 응답수 | KYG462: 비율 | KYM462: 응답항목 | KYN462: 응답수 | KYO462: 비율 | KYU462: 응답항목 | KYV462: 응답수 | KYW462: 비율 | KZC462: 응답항목 | KZD462: 응답수 | KZE462: 비율 | KZK462: 응답항목 | KZL462: 응답수 | KZM462: 비율 | KZS462: 응답항목 | KZT462: 응답수 | KZU462: 비율 | LAA462: 응답항목 | LAB462: 응답수 | LAC462: 비율 | LAI462: 응답항목 | LAJ462: 응답수 | LAK462: 비율 | LAQ462: 응답항목 | LAR462: 응답수 | LAS462: 비율 | LAY462: 응답항목 | LAZ462: 응답수 | LBA462: 비율 | LBG462: 응답항목 | LBH462: 응답수 | LBI462: 비율 | LBO462: 응답항목 | LBP462: 응답수 | LBQ462: 비율 | LBW462: 응답항목 | LBX462: 응답수 | LBY462: 비율 | LCE462: 응답항목 | LCF462: 응답수 | LCG462: 비율 | LCM462: 응답항목 | LCN462: 응답수 | LCO462: 비율 | LCU462: 응답항목 | LCV462: 응답수 | LCW462: 비율 | LDC462: 응답항목 | LDD462: 응답수 | LDE462: 비율 | LDK462: 응답항목 | LDL462: 응답수 | LDM462: 비율 | LDS462: 응답항목 | LDT462: 응답수 | LDU462: 비율 | LEA462: 응답항목 | LEB462: 응답수 | LEC462: 비율 | LEI462: 응답항목 | LEJ462: 응답수 | LEK462: 비율 | LEQ462: 응답항목 | LER462: 응답수 | LES462: 비율 | LEY462: 응답항목 | LEZ462: 응답수 | LFA462: 비율 | LFG462: 응답항목 | LFH462: 응답수 | LFI462: 비율 | LFO462: 응답항목 | LFP462: 응답수 | LFQ462: 비율 | LFW462: 응답항목 | LFX462: 응답수 | LFY462: 비율 | LGE462: 응답항목 | LGF462: 응답수 | LGG462: 비율 | LGM462: 응답항목 | LGN462: 응답수 | LGO462: 비율 | LGU462: 응답항목 | LGV462: 응답수 | LGW462: 비율 | LHC462: 응답항목 | LHD462: 응답수 | LHE462: 비율 | LHK462: 응답항목 | LHL462: 응답수 | LHM462: 비율 | LHS462: 응답항목 | LHT462: 응답수 | LHU462: 비율 | LIA462: 응답항목 | LIB462: 응답수 | LIC462: 비율 | LII462: 응답항목 | LIJ462: 응답수 | LIK462: 비율 | LIQ462: 응답항목 | LIR462: 응답수 | LIS462: 비율 | LIY462: 응답항목 | LIZ462: 응답수 | LJA462: 비율 | LJG462: 응답항목 | LJH462: 응답수 | LJI462: 비율 | LJO462: 응답항목 | LJP462: 응답수 | LJQ462: 비율 | LJW462: 응답항목 | LJX462: 응답수 | LJY462: 비율 | LKE462: 응답항목 | LKF462: 응답수 | LKG462: 비율 | LKM462: 응답항목 | LKN462: 응답수 | LKO462: 비율 | LKU462: 응답항목 | LKV462: 응답수 | LKW462: 비율 | LLC462: 응답항목 | LLD462: 응답수 | LLE462: 비율 | LLK462: 응답항목 | LLL462: 응답수 | LLM462: 비율 | LLS462: 응답항목 | LLT462: 응답수 | LLU462: 비율 | LMA462: 응답항목 | LMB462: 응답수 | LMC462: 비율 | LMI462: 응답항목 | LMJ462: 응답수 | LMK462: 비율 | LMQ462: 응답항목 | LMR462: 응답수 | LMS462: 비율 | LMY462: 응답항목 | LMZ462: 응답수 | LNA462: 비율 | LNG462: 응답항목 | LNH462: 응답수 | LNI462: 비율 | LNO462: 응답항목 | LNP462: 응답수 | LNQ462: 비율 | LNW462: 응답항목 | LNX462: 응답수 | LNY462: 비율 | LOE462: 응답항목 | LOF462: 응답수 | LOG462: 비율 | LOM462: 응답항목 | LON462: 응답수 | LOO462: 비율 | LOU462: 응답항목 | LOV462: 응답수 | LOW462: 비율 | LPC462: 응답항목 | LPD462: 응답수 | LPE462: 비율 | LPK462: 응답항목 | LPL462: 응답수 | LPM462: 비율 | LPS462: 응답항목 | LPT462: 응답수 | LPU462: 비율 | LQA462: 응답항목 | LQB462: 응답수 | LQC462: 비율 | LQI462: 응답항목 | LQJ462: 응답수 | LQK462: 비율 | LQQ462: 응답항목 | LQR462: 응답수 | LQS462: 비율 | LQY462: 응답항목 | LQZ462: 응답수 | LRA462: 비율 | LRG462: 응답항목 | LRH462: 응답수 | LRI462: 비율 | LRO462: 응답항목 | LRP462: 응답수 | LRQ462: 비율 | LRW462: 응답항목 | LRX462: 응답수 | LRY462: 비율 | LSE462: 응답항목 | LSF462: 응답수 | LSG462: 비율 | LSM462: 응답항목 | LSN462: 응답수 | LSO462: 비율 | LSU462: 응답항목 | LSV462: 응답수 | LSW462: 비율 | LTC462: 응답항목 | LTD462: 응답수 | LTE462: 비율 | LTK462: 응답항목 | LTL462: 응답수 | LTM462: 비율 | LTS462: 응답항목 | LTT462: 응답수 | LTU462: 비율 | LUA462: 응답항목 | LUB462: 응답수 | LUC462: 비율 | LUI462: 응답항목 | LUJ462: 응답수 | LUK462: 비율 | LUQ462: 응답항목 | LUR462: 응답수 | LUS462: 비율 | LUY462: 응답항목 | LUZ462: 응답수 | LVA462: 비율 | LVG462: 응답항목 | LVH462: 응답수 | LVI462: 비율 | LVO462: 응답항목 | LVP462: 응답수 | LVQ462: 비율 | LVW462: 응답항목 | LVX462: 응답수 | LVY462: 비율 | LWE462: 응답항목 | LWF462: 응답수 | LWG462: 비율 | LWM462: 응답항목 | LWN462: 응답수 | LWO462: 비율 | LWU462: 응답항목 | LWV462: 응답수 | LWW462: 비율 | LXC462: 응답항목 | LXD462: 응답수 | LXE462: 비율 | LXK462: 응답항목 | LXL462: 응답수 | LXM462: 비율 | LXS462: 응답항목 | LXT462: 응답수 | LXU462: 비율 | LYA462: 응답항목 | LYB462: 응답수 | LYC462: 비율 | LYI462: 응답항목 | LYJ462: 응답수 | LYK462: 비율 | LYQ462: 응답항목 | LYR462: 응답수 | LYS462: 비율 | LYY462: 응답항목 | LYZ462: 응답수 | LZA462: 비율 | LZG462: 응답항목 | LZH462: 응답수 | LZI462: 비율 | LZO462: 응답항목 | LZP462: 응답수 | LZQ462: 비율 | LZW462: 응답항목 | LZX462: 응답수 | LZY462: 비율 | MAE462: 응답항목 | MAF462: 응답수 | MAG462: 비율 | MAM462: 응답항목 | MAN462: 응답수 | MAO462: 비율 | MAU462: 응답항목 | MAV462: 응답수 | MAW462: 비율 | MBC462: 응답항목 | MBD462: 응답수 | MBE462: 비율 | MBK462: 응답항목 | MBL462: 응답수 | MBM462: 비율 | MBS462: 응답항목 | MBT462: 응답수 | MBU462: 비율 | MCA462: 응답항목 | MCB462: 응답수 | MCC462: 비율 | MCI462: 응답항목 | MCJ462: 응답수 | MCK462: 비율 | MCQ462: 응답항목 | MCR462: 응답수 | MCS462: 비율 | MCY462: 응답항목 | MCZ462: 응답수 | MDA462: 비율 | MDG462: 응답항목 | MDH462: 응답수 | MDI462: 비율 | MDO462: 응답항목 | MDP462: 응답수 | MDQ462: 비율 | MDW462: 응답항목 | MDX462: 응답수 | MDY462: 비율 | MEE462: 응답항목 | MEF462: 응답수 | MEG462: 비율 | MEM462: 응답항목 | MEN462: 응답수 | MEO462: 비율 | MEU462: 응답항목 | MEV462: 응답수 | MEW462: 비율 | MFC462: 응답항목 | MFD462: 응답수 | MFE462: 비율 | MFK462: 응답항목 | MFL462: 응답수 | MFM462: 비율 | MFS462: 응답항목 | MFT462: 응답수 | MFU462: 비율 | MGA462: 응답항목 | MGB462: 응답수 | MGC462: 비율 | MGI462: 응답항목 | MGJ462: 응답수 | MGK462: 비율 | MGQ462: 응답항목 | MGR462: 응답수 | MGS462: 비율 | MGY462: 응답항목 | MGZ462: 응답수 | MHA462: 비율 | MHG462: 응답항목 | MHH462: 응답수 | MHI462: 비율 | MHO462: 응답항목 | MHP462: 응답수 | MHQ462: 비율 | MHW462: 응답항목 | MHX462: 응답수 | MHY462: 비율 | MIE462: 응답항목 | MIF462: 응답수 | MIG462: 비율 | MIM462: 응답항목 | MIN462: 응답수 | MIO462: 비율 | MIU462: 응답항목 | MIV462: 응답수 | MIW462: 비율 | MJC462: 응답항목 | MJD462: 응답수 | MJE462: 비율 | MJK462: 응답항목 | MJL462: 응답수 | MJM462: 비율 | MJS462: 응답항목 | MJT462: 응답수 | MJU462: 비율 | MKA462: 응답항목 | MKB462: 응답수 | MKC462: 비율 | MKI462: 응답항목 | MKJ462: 응답수 | MKK462: 비율 | MKQ462: 응답항목 | MKR462: 응답수 | MKS462: 비율 | MKY462: 응답항목 | MKZ462: 응답수 | MLA462: 비율 | MLG462: 응답항목 | MLH462: 응답수 | MLI462: 비율 | MLO462: 응답항목 | MLP462: 응답수 | MLQ462: 비율 | MLW462: 응답항목 | MLX462: 응답수 | MLY462: 비율 | MME462: 응답항목 | MMF462: 응답수 | MMG462: 비율 | MMM462: 응답항목 | MMN462: 응답수 | MMO462: 비율 | MMU462: 응답항목 | MMV462: 응답수 | MMW462: 비율 | MNC462: 응답항목 | MND462: 응답수 | MNE462: 비율 | MNK462: 응답항목 | MNL462: 응답수 | MNM462: 비율 | MNS462: 응답항목 | MNT462: 응답수 | MNU462: 비율 | MOA462: 응답항목 | MOB462: 응답수 | MOC462: 비율 | MOI462: 응답항목 | MOJ462: 응답수 | MOK462: 비율 | MOQ462: 응답항목 | MOR462: 응답수 | MOS462: 비율 | MOY462: 응답항목 | MOZ462: 응답수 | MPA462: 비율 | MPG462: 응답항목 | MPH462: 응답수 | MPI462: 비율 | MPO462: 응답항목 | MPP462: 응답수 | MPQ462: 비율 | MPW462: 응답항목 | MPX462: 응답수 | MPY462: 비율 | MQE462: 응답항목 | MQF462: 응답수 | MQG462: 비율 | MQM462: 응답항목 | MQN462: 응답수 | MQO462: 비율 | MQU462: 응답항목 | MQV462: 응답수 | MQW462: 비율 | MRC462: 응답항목 | MRD462: 응답수 | MRE462: 비율 | MRK462: 응답항목 | MRL462: 응답수 | MRM462: 비율 | MRS462: 응답항목 | MRT462: 응답수 | MRU462: 비율 | MSA462: 응답항목 | MSB462: 응답수 | MSC462: 비율 | MSI462: 응답항목 | MSJ462: 응답수 | MSK462: 비율 | MSQ462: 응답항목 | MSR462: 응답수 | MSS462: 비율 | MSY462: 응답항목 | MSZ462: 응답수 | MTA462: 비율 | MTG462: 응답항목 | MTH462: 응답수 | MTI462: 비율 | MTO462: 응답항목 | MTP462: 응답수 | MTQ462: 비율 | MTW462: 응답항목 | MTX462: 응답수 | MTY462: 비율 | MUE462: 응답항목 | MUF462: 응답수 | MUG462: 비율 | MUM462: 응답항목 | MUN462: 응답수 | MUO462: 비율 | MUU462: 응답항목 | MUV462: 응답수 | MUW462: 비율 | MVC462: 응답항목 | MVD462: 응답수 | MVE462: 비율 | MVK462: 응답항목 | MVL462: 응답수 | MVM462: 비율 | MVS462: 응답항목 | MVT462: 응답수 | MVU462: 비율 | MWA462: 응답항목 | MWB462: 응답수 | MWC462: 비율 | MWI462: 응답항목 | MWJ462: 응답수 | MWK462: 비율 | MWQ462: 응답항목 | MWR462: 응답수 | MWS462: 비율 | MWY462: 응답항목 | MWZ462: 응답수 | MXA462: 비율 | MXG462: 응답항목 | MXH462: 응답수 | MXI462: 비율 | MXO462: 응답항목 | MXP462: 응답수 | MXQ462: 비율 | MXW462: 응답항목 | MXX462: 응답수 | MXY462: 비율 | MYE462: 응답항목 | MYF462: 응답수 | MYG462: 비율 | MYM462: 응답항목 | MYN462: 응답수 | MYO462: 비율 | MYU462: 응답항목 | MYV462: 응답수 | MYW462: 비율 | MZC462: 응답항목 | MZD462: 응답수 | MZE462: 비율 | MZK462: 응답항목 | MZL462: 응답수 | MZM462: 비율 | MZS462: 응답항목 | MZT462: 응답수 | MZU462: 비율 | NAA462: 응답항목 | NAB462: 응답수 | NAC462: 비율 | NAI462: 응답항목 | NAJ462: 응답수 | NAK462: 비율 | NAQ462: 응답항목 | NAR462: 응답수 | NAS462: 비율 | NAY462: 응답항목 | NAZ462: 응답수 | NBA462: 비율 | NBG462: 응답항목 | NBH462: 응답수 | NBI462: 비율 | NBO462: 응답항목 | NBP462: 응답수 | NBQ462: 비율 | NBW462: 응답항목 | NBX462: 응답수 | NBY462: 비율 | NCE462: 응답항목 | NCF462: 응답수 | NCG462: 비율 | NCM462: 응답항목 | NCN462: 응답수 | NCO462: 비율 | NCU462: 응답항목 | NCV462: 응답수 | NCW462: 비율 | NDC462: 응답항목 | NDD462: 응답수 | NDE462: 비율 | NDK462: 응답항목 | NDL462: 응답수 | NDM462: 비율 | NDS462: 응답항목 | NDT462: 응답수 | NDU462: 비율 | NEA462: 응답항목 | NEB462: 응답수 | NEC462: 비율 | NEI462: 응답항목 | NEJ462: 응답수 | NEK462: 비율 | NEQ462: 응답항목 | NER462: 응답수 | NES462: 비율 | NEY462: 응답항목 | NEZ462: 응답수 | NFA462: 비율 | NFG462: 응답항목 | NFH462: 응답수 | NFI462: 비율 | NFO462: 응답항목 | NFP462: 응답수 | NFQ462: 비율 | NFW462: 응답항목 | NFX462: 응답수 | NFY462: 비율 | NGE462: 응답항목 | NGF462: 응답수 | NGG462: 비율 | NGM462: 응답항목 | NGN462: 응답수 | NGO462: 비율 | NGU462: 응답항목 | NGV462: 응답수 | NGW462: 비율 | NHC462: 응답항목 | NHD462: 응답수 | NHE462: 비율 | NHK462: 응답항목 | NHL462: 응답수 | NHM462: 비율 | NHS462: 응답항목 | NHT462: 응답수 | NHU462: 비율 | NIA462: 응답항목 | NIB462: 응답수 | NIC462: 비율 | NII462: 응답항목 | NIJ462: 응답수 | NIK462: 비율 | NIQ462: 응답항목 | NIR462: 응답수 | NIS462: 비율 | NIY462: 응답항목 | NIZ462: 응답수 | NJA462: 비율 | NJG462: 응답항목 | NJH462: 응답수 | NJI462: 비율 | NJO462: 응답항목 | NJP462: 응답수 | NJQ462: 비율 | NJW462: 응답항목 | NJX462: 응답수 | NJY462: 비율 | NKE462: 응답항목 | NKF462: 응답수 | NKG462: 비율 | NKM462: 응답항목 | NKN462: 응답수 | NKO462: 비율 | NKU462: 응답항목 | NKV462: 응답수 | NKW462: 비율 | NLC462: 응답항목 | NLD462: 응답수 | NLE462: 비율 | NLK462: 응답항목 | NLL462: 응답수 | NLM462: 비율 | NLS462: 응답항목 | NLT462: 응답수 | NLU462: 비율 | NMA462: 응답항목 | NMB462: 응답수 | NMC462: 비율 | NMI462: 응답항목 | NMJ462: 응답수 | NMK462: 비율 | NMQ462: 응답항목 | NMR462: 응답수 | NMS462: 비율 | NMY462: 응답항목 | NMZ462: 응답수 | NNA462: 비율 | NNG462: 응답항목 | NNH462: 응답수 | NNI462: 비율 | NNO462: 응답항목 | NNP462: 응답수 | NNQ462: 비율 | NNW462: 응답항목 | NNX462: 응답수 | NNY462: 비율 | NOE462: 응답항목 | NOF462: 응답수 | NOG462: 비율 | NOM462: 응답항목 | NON462: 응답수 | NOO462: 비율 | NOU462: 응답항목 | NOV462: 응답수 | NOW462: 비율 | NPC462: 응답항목 | NPD462: 응답수 | NPE462: 비율 | NPK462: 응답항목 | NPL462: 응답수 | NPM462: 비율 | NPS462: 응답항목 | NPT462: 응답수 | NPU462: 비율 | NQA462: 응답항목 | NQB462: 응답수 | NQC462: 비율 | NQI462: 응답항목 | NQJ462: 응답수 | NQK462: 비율 | NQQ462: 응답항목 | NQR462: 응답수 | NQS462: 비율 | NQY462: 응답항목 | NQZ462: 응답수 | NRA462: 비율 | NRG462: 응답항목 | NRH462: 응답수 | NRI462: 비율 | NRO462: 응답항목 | NRP462: 응답수 | NRQ462: 비율 | NRW462: 응답항목 | NRX462: 응답수 | NRY462: 비율 | NSE462: 응답항목 | NSF462: 응답수 | NSG462: 비율 | NSM462: 응답항목 | NSN462: 응답수 | NSO462: 비율 | NSU462: 응답항목 | NSV462: 응답수 | NSW462: 비율 | NTC462: 응답항목 | NTD462: 응답수 | NTE462: 비율 | NTK462: 응답항목 | NTL462: 응답수 | NTM462: 비율 | NTS462: 응답항목 | NTT462: 응답수 | NTU462: 비율 | NUA462: 응답항목 | NUB462: 응답수 | NUC462: 비율 | NUI462: 응답항목 | NUJ462: 응답수 | NUK462: 비율 | NUQ462: 응답항목 | NUR462: 응답수 | NUS462: 비율 | NUY462: 응답항목 | NUZ462: 응답수 | NVA462: 비율 | NVG462: 응답항목 | NVH462: 응답수 | NVI462: 비율 | NVO462: 응답항목 | NVP462: 응답수 | NVQ462: 비율 | NVW462: 응답항목 | NVX462: 응답수 | NVY462: 비율 | NWE462: 응답항목 | NWF462: 응답수 | NWG462: 비율 | NWM462: 응답항목 | NWN462: 응답수 | NWO462: 비율 | NWU462: 응답항목 | NWV462: 응답수 | NWW462: 비율 | NXC462: 응답항목 | NXD462: 응답수 | NXE462: 비율 | NXK462: 응답항목 | NXL462: 응답수 | NXM462: 비율 | NXS462: 응답항목 | NXT462: 응답수 | NXU462: 비율 | NYA462: 응답항목 | NYB462: 응답수 | NYC462: 비율 | NYI462: 응답항목 | NYJ462: 응답수 | NYK462: 비율 | NYQ462: 응답항목 | NYR462: 응답수 | NYS462: 비율 | NYY462: 응답항목 | NYZ462: 응답수 | NZA462: 비율 | NZG462: 응답항목 | NZH462: 응답수 | NZI462: 비율 | NZO462: 응답항목 | NZP462: 응답수 | NZQ462: 비율 | NZW462: 응답항목 | NZX462: 응답수 | NZY462: 비율 | OAE462: 응답항목 | OAF462: 응답수 | OAG462: 비율 | OAM462: 응답항목 | OAN462: 응답수 | OAO462: 비율 | OAU462: 응답항목 | OAV462: 응답수 | OAW462: 비율 | OBC462: 응답항목 | OBD462: 응답수 | OBE462: 비율 | OBK462: 응답항목 | OBL462: 응답수 | OBM462: 비율 | OBS462: 응답항목 | OBT462: 응답수 | OBU462: 비율 | OCA462: 응답항목 | OCB462: 응답수 | OCC462: 비율 | OCI462: 응답항목 | OCJ462: 응답수 | OCK462: 비율 | OCQ462: 응답항목 | OCR462: 응답수 | OCS462: 비율 | OCY462: 응답항목 | OCZ462: 응답수 | ODA462: 비율 | ODG462: 응답항목 | ODH462: 응답수 | ODI462: 비율 | ODO462: 응답항목 | ODP462: 응답수 | ODQ462: 비율 | ODW462: 응답항목 | ODX462: 응답수 | ODY462: 비율 | OEE462: 응답항목 | OEF462: 응답수 | OEG462: 비율 | OEM462: 응답항목 | OEN462: 응답수 | OEO462: 비율 | OEU462: 응답항목 | OEV462: 응답수 | OEW462: 비율 | OFC462: 응답항목 | OFD462: 응답수 | OFE462: 비율 | OFK462: 응답항목 | OFL462: 응답수 | OFM462: 비율 | OFS462: 응답항목 | OFT462: 응답수 | OFU462: 비율 | OGA462: 응답항목 | OGB462: 응답수 | OGC462: 비율 | OGI462: 응답항목 | OGJ462: 응답수 | OGK462: 비율 | OGQ462: 응답항목 | OGR462: 응답수 | OGS462: 비율 | OGY462: 응답항목 | OGZ462: 응답수 | OHA462: 비율 | OHG462: 응답항목 | OHH462: 응답수 | OHI462: 비율 | OHO462: 응답항목 | OHP462: 응답수 | OHQ462: 비율 | OHW462: 응답항목 | OHX462: 응답수 | OHY462: 비율 | OIE462: 응답항목 | OIF462: 응답수 | OIG462: 비율 | OIM462: 응답항목 | OIN462: 응답수 | OIO462: 비율 | OIU462: 응답항목 | OIV462: 응답수 | OIW462: 비율 | OJC462: 응답항목 | OJD462: 응답수 | OJE462: 비율 | OJK462: 응답항목 | OJL462: 응답수 | OJM462: 비율 | OJS462: 응답항목 | OJT462: 응답수 | OJU462: 비율 | OKA462: 응답항목 | OKB462: 응답수 | OKC462: 비율 | OKI462: 응답항목 | OKJ462: 응답수 | OKK462: 비율 | OKQ462: 응답항목 | OKR462: 응답수 | OKS462: 비율 | OKY462: 응답항목 | OKZ462: 응답수 | OLA462: 비율 | OLG462: 응답항목 | OLH462: 응답수 | OLI462: 비율 | OLO462: 응답항목 | OLP462: 응답수 | OLQ462: 비율 | OLW462: 응답항목 | OLX462: 응답수 | OLY462: 비율 | OME462: 응답항목 | OMF462: 응답수 | OMG462: 비율 | OMM462: 응답항목 | OMN462: 응답수 | OMO462: 비율 | OMU462: 응답항목 | OMV462: 응답수 | OMW462: 비율 | ONC462: 응답항목 | OND462: 응답수 | ONE462: 비율 | ONK462: 응답항목 | ONL462: 응답수 | ONM462: 비율 | ONS462: 응답항목 | ONT462: 응답수 | ONU462: 비율 | OOA462: 응답항목 | OOB462: 응답수 | OOC462: 비율 | OOI462: 응답항목 | OOJ462: 응답수 | OOK462: 비율 | OOQ462: 응답항목 | OOR462: 응답수 | OOS462: 비율 | OOY462: 응답항목 | OOZ462: 응답수 | OPA462: 비율 | OPG462: 응답항목 | OPH462: 응답수 | OPI462: 비율 | OPO462: 응답항목 | OPP462: 응답수 | OPQ462: 비율 | OPW462: 응답항목 | OPX462: 응답수 | OPY462: 비율 | OQE462: 응답항목 | OQF462: 응답수 | OQG462: 비율 | OQM462: 응답항목 | OQN462: 응답수 | OQO462: 비율 | OQU462: 응답항목 | OQV462: 응답수 | OQW462: 비율 | ORC462: 응답항목 | ORD462: 응답수 | ORE462: 비율 | ORK462: 응답항목 | ORL462: 응답수 | ORM462: 비율 | ORS462: 응답항목 | ORT462: 응답수 | ORU462: 비율 | OSA462: 응답항목 | OSB462: 응답수 | OSC462: 비율 | OSI462: 응답항목 | OSJ462: 응답수 | OSK462: 비율 | OSQ462: 응답항목 | OSR462: 응답수 | OSS462: 비율 | OSY462: 응답항목 | OSZ462: 응답수 | OTA462: 비율 | OTG462: 응답항목 | OTH462: 응답수 | OTI462: 비율 | OTO462: 응답항목 | OTP462: 응답수 | OTQ462: 비율 | OTW462: 응답항목 | OTX462: 응답수 | OTY462: 비율 | OUE462: 응답항목 | OUF462: 응답수 | OUG462: 비율 | OUM462: 응답항목 | OUN462: 응답수 | OUO462: 비율 | OUU462: 응답항목 | OUV462: 응답수 | OUW462: 비율 | OVC462: 응답항목 | OVD462: 응답수 | OVE462: 비율 | OVK462: 응답항목 | OVL462: 응답수 | OVM462: 비율 | OVS462: 응답항목 | OVT462: 응답수 | OVU462: 비율 | OWA462: 응답항목 | OWB462: 응답수 | OWC462: 비율 | OWI462: 응답항목 | OWJ462: 응답수 | OWK462: 비율 | OWQ462: 응답항목 | OWR462: 응답수 | OWS462: 비율 | OWY462: 응답항목 | OWZ462: 응답수 | OXA462: 비율 | OXG462: 응답항목 | OXH462: 응답수 | OXI462: 비율 | OXO462: 응답항목 | OXP462: 응답수 | OXQ462: 비율 | OXW462: 응답항목 | OXX462: 응답수 | OXY462: 비율 | OYE462: 응답항목 | OYF462: 응답수 | OYG462: 비율 | OYM462: 응답항목 | OYN462: 응답수 | OYO462: 비율 | OYU462: 응답항목 | OYV462: 응답수 | OYW462: 비율 | OZC462: 응답항목 | OZD462: 응답수 | OZE462: 비율 | OZK462: 응답항목 | OZL462: 응답수 | OZM462: 비율 | OZS462: 응답항목 | OZT462: 응답수 | OZU462: 비율 | PAA462: 응답항목 | PAB462: 응답수 | PAC462: 비율 | PAI462: 응답항목 | PAJ462: 응답수 | PAK462: 비율 | PAQ462: 응답항목 | PAR462: 응답수 | PAS462: 비율 | PAY462: 응답항목 | PAZ462: 응답수 | PBA462: 비율 | PBG462: 응답항목 | PBH462: 응답수 | PBI462: 비율 | PBO462: 응답항목 | PBP462: 응답수 | PBQ462: 비율 | PBW462: 응답항목 | PBX462: 응답수 | PBY462: 비율 | PCE462: 응답항목 | PCF462: 응답수 | PCG462: 비율 | PCM462: 응답항목 | PCN462: 응답수 | PCO462: 비율 | PCU462: 응답항목 | PCV462: 응답수 | PCW462: 비율 | PDC462: 응답항목 | PDD462: 응답수 | PDE462: 비율 | PDK462: 응답항목 | PDL462: 응답수 | PDM462: 비율 | PDS462: 응답항목 | PDT462: 응답수 | PDU462: 비율 | PEA462: 응답항목 | PEB462: 응답수 | PEC462: 비율 | PEI462: 응답항목 | PEJ462: 응답수 | PEK462: 비율 | PEQ462: 응답항목 | PER462: 응답수 | PES462: 비율 | PEY462: 응답항목 | PEZ462: 응답수 | PFA462: 비율 | PFG462: 응답항목 | PFH462: 응답수 | PFI462: 비율 | PFO462: 응답항목 | PFP462: 응답수 | PFQ462: 비율 | PFW462: 응답항목 | PFX462: 응답수 | PFY462: 비율 | PGE462: 응답항목 | PGF462: 응답수 | PGG462: 비율 | PGM462: 응답항목 | PGN462: 응답수 | PGO462: 비율 | PGU462: 응답항목 | PGV462: 응답수 | PGW462: 비율 | PHC462: 응답항목 | PHD462: 응답수 | PHE462: 비율 | PHK462: 응답항목 | PHL462: 응답수 | PHM462: 비율 | PHS462: 응답항목 | PHT462: 응답수 | PHU462: 비율 | PIA462: 응답항목 | PIB462: 응답수 | PIC462: 비율 | PII462: 응답항목 | PIJ462: 응답수 | PIK462: 비율 | PIQ462: 응답항목 | PIR462: 응답수 | PIS462: 비율 | PIY462: 응답항목 | PIZ462: 응답수 | PJA462: 비율 | PJG462: 응답항목 | PJH462: 응답수 | PJI462: 비율 | PJO462: 응답항목 | PJP462: 응답수 | PJQ462: 비율 | PJW462: 응답항목 | PJX462: 응답수 | PJY462: 비율 | PKE462: 응답항목 | PKF462: 응답수 | PKG462: 비율 | PKM462: 응답항목 | PKN462: 응답수 | PKO462: 비율 | PKU462: 응답항목 | PKV462: 응답수 | PKW462: 비율 | PLC462: 응답항목 | PLD462: 응답수 | PLE462: 비율 | PLK462: 응답항목 | PLL462: 응답수 | PLM462: 비율 | PLS462: 응답항목 | PLT462: 응답수 | PLU462: 비율 | PMA462: 응답항목 | PMB462: 응답수 | PMC462: 비율 | PMI462: 응답항목 | PMJ462: 응답수 | PMK462: 비율 | PMQ462: 응답항목 | PMR462: 응답수 | PMS462: 비율 | PMY462: 응답항목 | PMZ462: 응답수 | PNA462: 비율 | PNG462: 응답항목 | PNH462: 응답수 | PNI462: 비율 | PNO462: 응답항목 | PNP462: 응답수 | PNQ462: 비율 | PNW462: 응답항목 | PNX462: 응답수 | PNY462: 비율 | POE462: 응답항목 | POF462: 응답수 | POG462: 비율 | POM462: 응답항목 | PON462: 응답수 | POO462: 비율 | POU462: 응답항목 | POV462: 응답수 | POW462: 비율 | PPC462: 응답항목 | PPD462: 응답수 | PPE462: 비율 | PPK462: 응답항목 | PPL462: 응답수 | PPM462: 비율 | PPS462: 응답항목 | PPT462: 응답수 | PPU462: 비율 | PQA462: 응답항목 | PQB462: 응답수 | PQC462: 비율 | PQI462: 응답항목 | PQJ462: 응답수 | PQK462: 비율 | PQQ462: 응답항목 | PQR462: 응답수 | PQS462: 비율 | PQY462: 응답항목 | PQZ462: 응답수 | PRA462: 비율 | PRG462: 응답항목 | PRH462: 응답수 | PRI462: 비율 | PRO462: 응답항목 | PRP462: 응답수 | PRQ462: 비율 | PRW462: 응답항목 | PRX462: 응답수 | PRY462: 비율 | PSE462: 응답항목 | PSF462: 응답수 | PSG462: 비율 | PSM462: 응답항목 | PSN462: 응답수 | PSO462: 비율 | PSU462: 응답항목 | PSV462: 응답수 | PSW462: 비율 | PTC462: 응답항목 | PTD462: 응답수 | PTE462: 비율 | PTK462: 응답항목 | PTL462: 응답수 | PTM462: 비율 | PTS462: 응답항목 | PTT462: 응답수 | PTU462: 비율 | PUA462: 응답항목 | PUB462: 응답수 | PUC462: 비율 | PUI462: 응답항목 | PUJ462: 응답수 | PUK462: 비율 | PUQ462: 응답항목 | PUR462: 응답수 | PUS462: 비율 | PUY462: 응답항목 | PUZ462: 응답수 | PVA462: 비율 | PVG462: 응답항목 | PVH462: 응답수 | PVI462: 비율 | PVO462: 응답항목 | PVP462: 응답수 | PVQ462: 비율 | PVW462: 응답항목 | PVX462: 응답수 | PVY462: 비율 | PWE462: 응답항목 | PWF462: 응답수 | PWG462: 비율 | PWM462: 응답항목 | PWN462: 응답수 | PWO462: 비율 | PWU462: 응답항목 | PWV462: 응답수 | PWW462: 비율 | PXC462: 응답항목 | PXD462: 응답수 | PXE462: 비율 | PXK462: 응답항목 | PXL462: 응답수 | PXM462: 비율 | PXS462: 응답항목 | PXT462: 응답수 | PXU462: 비율 | PYA462: 응답항목 | PYB462: 응답수 | PYC462: 비율 | PYI462: 응답항목 | PYJ462: 응답수 | PYK462: 비율 | PYQ462: 응답항목 | PYR462: 응답수 | PYS462: 비율 | PYY462: 응답항목 | PYZ462: 응답수 | PZA462: 비율 | PZG462: 응답항목 | PZH462: 응답수 | PZI462: 비율 | PZO462: 응답항목 | PZP462: 응답수 | PZQ462: 비율 | PZW462: 응답항목 | PZX462: 응답수 | PZY462: 비율 | QAE462: 응답항목 | QAF462: 응답수 | QAG462: 비율 | QAM462: 응답항목 | QAN462: 응답수 | QAO462: 비율 | QAU462: 응답항목 | QAV462: 응답수 | QAW462: 비율 | QBC462: 응답항목 | QBD462: 응답수 | QBE462: 비율 | QBK462: 응답항목 | QBL462: 응답수 | QBM462: 비율 | QBS462: 응답항목 | QBT462: 응답수 | QBU462: 비율 | QCA462: 응답항목 | QCB462: 응답수 | QCC462: 비율 | QCI462: 응답항목 | QCJ462: 응답수 | QCK462: 비율 | QCQ462: 응답항목 | QCR462: 응답수 | QCS462: 비율 | QCY462: 응답항목 | QCZ462: 응답수 | QDA462: 비율 | QDG462: 응답항목 | QDH462: 응답수 | QDI462: 비율 | QDO462: 응답항목 | QDP462: 응답수 | QDQ462: 비율 | QDW462: 응답항목 | QDX462: 응답수 | QDY462: 비율 | QEE462: 응답항목 | QEF462: 응답수 | QEG462: 비율 | QEM462: 응답항목 | QEN462: 응답수 | QEO462: 비율 | QEU462: 응답항목 | QEV462: 응답수 | QEW462: 비율 | QFC462: 응답항목 | QFD462: 응답수 | QFE462: 비율 | QFK462: 응답항목 | QFL462: 응답수 | QFM462: 비율 | QFS462: 응답항목 | QFT462: 응답수 | QFU462: 비율 | QGA462: 응답항목 | QGB462: 응답수 | QGC462: 비율 | QGI462: 응답항목 | QGJ462: 응답수 | QGK462: 비율 | QGQ462: 응답항목 | QGR462: 응답수 | QGS462: 비율 | QGY462: 응답항목 | QGZ462: 응답수 | QHA462: 비율 | QHG462: 응답항목 | QHH462: 응답수 | QHI462: 비율 | QHO462: 응답항목 | QHP462: 응답수 | QHQ462: 비율 | QHW462: 응답항목 | QHX462: 응답수 | QHY462: 비율 | QIE462: 응답항목 | QIF462: 응답수 | QIG462: 비율 | QIM462: 응답항목 | QIN462: 응답수 | QIO462: 비율 | QIU462: 응답항목 | QIV462: 응답수 | QIW462: 비율 | QJC462: 응답항목 | QJD462: 응답수 | QJE462: 비율 | QJK462: 응답항목 | QJL462: 응답수 | QJM462: 비율 | QJS462: 응답항목 | QJT462: 응답수 | QJU462: 비율 | QKA462: 응답항목 | QKB462: 응답수 | QKC462: 비율 | QKI462: 응답항목 | QKJ462: 응답수 | QKK462: 비율 | QKQ462: 응답항목 | QKR462: 응답수 | QKS462: 비율 | QKY462: 응답항목 | QKZ462: 응답수 | QLA462: 비율 | QLG462: 응답항목 | QLH462: 응답수 | QLI462: 비율 | QLO462: 응답항목 | QLP462: 응답수 | QLQ462: 비율 | QLW462: 응답항목 | QLX462: 응답수 | QLY462: 비율 | QME462: 응답항목 | QMF462: 응답수 | QMG462: 비율 | QMM462: 응답항목 | QMN462: 응답수 | QMO462: 비율 | QMU462: 응답항목 | QMV462: 응답수 | QMW462: 비율 | QNC462: 응답항목 | QND462: 응답수 | QNE462: 비율 | QNK462: 응답항목 | QNL462: 응답수 | QNM462: 비율 | QNS462: 응답항목 | QNT462: 응답수 | QNU462: 비율 | QOA462: 응답항목 | QOB462: 응답수 | QOC462: 비율 | QOI462: 응답항목 | QOJ462: 응답수 | QOK462: 비율 | QOQ462: 응답항목 | QOR462: 응답수 | QOS462: 비율 | QOY462: 응답항목 | QOZ462: 응답수 | QPA462: 비율 | QPG462: 응답항목 | QPH462: 응답수 | QPI462: 비율 | QPO462: 응답항목 | QPP462: 응답수 | QPQ462: 비율 | QPW462: 응답항목 | QPX462: 응답수 | QPY462: 비율 | QQE462: 응답항목 | QQF462: 응답수 | QQG462: 비율 | QQM462: 응답항목 | QQN462: 응답수 | QQO462: 비율 | QQU462: 응답항목 | QQV462: 응답수 | QQW462: 비율 | QRC462: 응답항목 | QRD462: 응답수 | QRE462: 비율 | QRK462: 응답항목 | QRL462: 응답수 | QRM462: 비율 | QRS462: 응답항목 | QRT462: 응답수 | QRU462: 비율 | QSA462: 응답항목 | QSB462: 응답수 | QSC462: 비율 | QSI462: 응답항목 | QSJ462: 응답수 | QSK462: 비율 | QSQ462: 응답항목 | QSR462: 응답수 | QSS462: 비율 | QSY462: 응답항목 | QSZ462: 응답수 | QTA462: 비율 | QTG462: 응답항목 | QTH462: 응답수 | QTI462: 비율 | QTO462: 응답항목 | QTP462: 응답수 | QTQ462: 비율 | QTW462: 응답항목 | QTX462: 응답수 | QTY462: 비율 | QUE462: 응답항목 | QUF462: 응답수 | QUG462: 비율 | QUM462: 응답항목 | QUN462: 응답수 | QUO462: 비율 | QUU462: 응답항목 | QUV462: 응답수 | QUW462: 비율 | QVC462: 응답항목 | QVD462: 응답수 | QVE462: 비율 | QVK462: 응답항목 | QVL462: 응답수 | QVM462: 비율 | QVS462: 응답항목 | QVT462: 응답수 | QVU462: 비율 | QWA462: 응답항목 | QWB462: 응답수 | QWC462: 비율 | QWI462: 응답항목 | QWJ462: 응답수 | QWK462: 비율 | QWQ462: 응답항목 | QWR462: 응답수 | QWS462: 비율 | QWY462: 응답항목 | QWZ462: 응답수 | QXA462: 비율 | QXG462: 응답항목 | QXH462: 응답수 | QXI462: 비율 | QXO462: 응답항목 | QXP462: 응답수 | QXQ462: 비율 | QXW462: 응답항목 | QXX462: 응답수 | QXY462: 비율 | QYE462: 응답항목 | QYF462: 응답수 | QYG462: 비율 | QYM462: 응답항목 | QYN462: 응답수 | QYO462: 비율 | QYU462: 응답항목 | QYV462: 응답수 | QYW462: 비율 | QZC462: 응답항목 | QZD462: 응답수 | QZE462: 비율 | QZK462: 응답항목 | QZL462: 응답수 | QZM462: 비율 | QZS462: 응답항목 | QZT462: 응답수 | QZU462: 비율 | RAA462: 응답항목 | RAB462: 응답수 | RAC462: 비율 | RAI462: 응답항목 | RAJ462: 응답수 | RAK462: 비율 | RAQ462: 응답항목 | RAR462: 응답수 | RAS462: 비율 | RAY462: 응답항목 | RAZ462: 응답수 | RBA462: 비율 | RBG462: 응답항목 | RBH462: 응답수 | RBI462: 비율 | RBO462: 응답항목 | RBP462: 응답수 | RBQ462: 비율 | RBW462: 응답항목 | RBX462: 응답수 | RBY462: 비율 | RCE462: 응답항목 | RCF462: 응답수 | RCG462: 비율 | RCM462: 응답항목 | RCN462: 응답수 | RCO462: 비율 | RCU462: 응답항목 | RCV462: 응답수 | RCW462: 비율 | RDC462: 응답항목 | RDD462: 응답수 | RDE462: 비율 | RDK462: 응답항목 | RDL462: 응답수 | RDM462: 비율 | RDS462: 응답항목 | RDT462: 응답수 | RDU462: 비율 | REA462: 응답항목 | REB462: 응답수 | REC462: 비율 | REI462: 응답항목 | REJ462: 응답수 | REK462: 비율 | REQ462: 응답항목 | RER462: 응답수 | RES462: 비율 | REY462: 응답항목 | REZ462: 응답수 | RFA462: 비율 | RFG462: 응답항목 | RFH462: 응답수 | RFI462: 비율 | RFO462: 응답항목 | RFP462: 응답수 | RFQ462: 비율 | RFW462: 응답항목 | RFX462: 응답수 | RFY462: 비율 | RGE462: 응답항목 | RGF462: 응답수 | RGG462: 비율 | RGM462: 응답항목 | RGN462: 응답수 | RGO462: 비율 | RGU462: 응답항목 | RGV462: 응답수 | RGW462: 비율 | RHC462: 응답항목 | RHD462: 응답수 | RHE462: 비율 | RHK462: 응답항목 | RHL462: 응답수 | RHM462: 비율 | RHS462: 응답항목 | RHT462: 응답수 | RHU462: 비율 | RIA462: 응답항목 | RIB462: 응답수 | RIC462: 비율 | RII462: 응답항목 | RIJ462: 응답수 | RIK462: 비율 | RIQ462: 응답항목 | RIR462: 응답수 | RIS462: 비율 | RIY462: 응답항목 | RIZ462: 응답수 | RJA462: 비율 | RJG462: 응답항목 | RJH462: 응답수 | RJI462: 비율 | RJO462: 응답항목 | RJP462: 응답수 | RJQ462: 비율 | RJW462: 응답항목 | RJX462: 응답수 | RJY462: 비율 | RKE462: 응답항목 | RKF462: 응답수 | RKG462: 비율 | RKM462: 응답항목 | RKN462: 응답수 | RKO462: 비율 | RKU462: 응답항목 | RKV462: 응답수 | RKW462: 비율 | RLC462: 응답항목 | RLD462: 응답수 | RLE462: 비율 | RLK462: 응답항목 | RLL462: 응답수 | RLM462: 비율 | RLS462: 응답항목 | RLT462: 응답수 | RLU462: 비율 | RMA462: 응답항목 | RMB462: 응답수 | RMC462: 비율 | RMI462: 응답항목 | RMJ462: 응답수 | RMK462: 비율 | RMQ462: 응답항목 | RMR462: 응답수 | RMS462: 비율 | RMY462: 응답항목 | RMZ462: 응답수 | RNA462: 비율 | RNG462: 응답항목 | RNH462: 응답수 | RNI462: 비율 | RNO462: 응답항목 | RNP462: 응답수 | RNQ462: 비율 | RNW462: 응답항목 | RNX462: 응답수 | RNY462: 비율 | ROE462: 응답항목 | ROF462: 응답수 | ROG462: 비율 | ROM462: 응답항목 | RON462: 응답수 | ROO462: 비율 | ROU462: 응답항목 | ROV462: 응답수 | ROW462: 비율 | RPC462: 응답항목 | RPD462: 응답수 | RPE462: 비율 | RPK462: 응답항목 | RPL462: 응답수 | RPM462: 비율 | RPS462: 응답항목 | RPT462: 응답수 | RPU462: 비율 | RQA462: 응답항목 | RQB462: 응답수 | RQC462: 비율 | RQI462: 응답항목 | RQJ462: 응답수 | RQK462: 비율 | RQQ462: 응답항목 | RQR462: 응답수 | RQS462: 비율 | RQY462: 응답항목 | RQZ462: 응답수 | RRA462: 비율 | RRG462: 응답항목 | RRH462: 응답수 | RRI462: 비율 | RRO462: 응답항목 | RRP462: 응답수 | RRQ462: 비율 | RRW462: 응답항목 | RRX462: 응답수 | RRY462: 비율 | RSE462: 응답항목 | RSF462: 응답수 | RSG462: 비율 | RSM462: 응답항목 | RSN462: 응답수 | RSO462: 비율 | RSU462: 응답항목 | RSV462: 응답수 | RSW462: 비율 | RTC462: 응답항목 | RTD462: 응답수 | RTE462: 비율 | RTK462: 응답항목 | RTL462: 응답수 | RTM462: 비율 | RTS462: 응답항목 | RTT462: 응답수 | RTU462: 비율 | RUA462: 응답항목 | RUB462: 응답수 | RUC462: 비율 | RUI462: 응답항목 | RUJ462: 응답수 | RUK462: 비율 | RUQ462: 응답항목 | RUR462: 응답수 | RUS462: 비율 | RUY462: 응답항목 | RUZ462: 응답수 | RVA462: 비율 | RVG462: 응답항목 | RVH462: 응답수 | RVI462: 비율 | RVO462: 응답항목 | RVP462: 응답수 | RVQ462: 비율 | RVW462: 응답항목 | RVX462: 응답수 | RVY462: 비율 | RWE462: 응답항목 | RWF462: 응답수 | RWG462: 비율 | RWM462: 응답항목 | RWN462: 응답수 | RWO462: 비율 | RWU462: 응답항목 | RWV462: 응답수 | RWW462: 비율 | RXC462: 응답항목 | RXD462: 응답수 | RXE462: 비율 | RXK462: 응답항목 | RXL462: 응답수 | RXM462: 비율 | RXS462: 응답항목 | RXT462: 응답수 | RXU462: 비율 | RYA462: 응답항목 | RYB462: 응답수 | RYC462: 비율 | RYI462: 응답항목 | RYJ462: 응답수 | RYK462: 비율 | RYQ462: 응답항목 | RYR462: 응답수 | RYS462: 비율 | RYY462: 응답항목 | RYZ462: 응답수 | RZA462: 비율 | RZG462: 응답항목 | RZH462: 응답수 | RZI462: 비율 | RZO462: 응답항목 | RZP462: 응답수 | RZQ462: 비율 | RZW462: 응답항목 | RZX462: 응답수 | RZY462: 비율 | SAE462: 응답항목 | SAF462: 응답수 | SAG462: 비율 | SAM462: 응답항목 | SAN462: 응답수 | SAO462: 비율 | SAU462: 응답항목 | SAV462: 응답수 | SAW462: 비율 | SBC462: 응답항목 | SBD462: 응답수 | SBE462: 비율 | SBK462: 응답항목 | SBL462: 응답수 | SBM462: 비율 | SBS462: 응답항목 | SBT462: 응답수 | SBU462: 비율 | SCA462: 응답항목 | SCB462: 응답수 | SCC462: 비율 | SCI462: 응답항목 | SCJ462: 응답수 | SCK462: 비율 | SCQ462: 응답항목 | SCR462: 응답수 | SCS462: 비율 | SCY462: 응답항목 | SCZ462: 응답수 | SDA462: 비율 | SDG462: 응답항목 | SDH462: 응답수 | SDI462: 비율 | SDO462: 응답항목 | SDP462: 응답수 | SDQ462: 비율 | SDW462: 응답항목 | SDX462: 응답수 | SDY462: 비율 | SEE462: 응답항목 | SEF462: 응답수 | SEG462: 비율 | SEM462: 응답항목 | SEN462: 응답수 | SEO462: 비율 | SEU462: 응답항목 | SEV462: 응답수 | SEW462: 비율 | SFC462: 응답항목 | SFD462: 응답수 | SFE462: 비율 | SFK462: 응답항목 | SFL462: 응답수 | SFM462: 비율 | SFS462: 응답항목 | SFT462: 응답수 | SFU462: 비율 | SGA462: 응답항목 | SGB462: 응답수 | SGC462: 비율 | SGI462: 응답항목 | SGJ462: 응답수 | SGK462: 비율 | SGQ462: 응답항목 | SGR462: 응답수 | SGS462: 비율 | SGY462: 응답항목 | SGZ462: 응답수 | SHA462: 비율 | SHG462: 응답항목 | SHH462: 응답수 | SHI462: 비율 | SHO462: 응답항목 | SHP462: 응답수 | SHQ462: 비율 | SHW462: 응답항목 | SHX462: 응답수 | SHY462: 비율 | SIE462: 응답항목 | SIF462: 응답수 | SIG462: 비율 | SIM462: 응답항목 | SIN462: 응답수 | SIO462: 비율 | SIU462: 응답항목 | SIV462: 응답수 | SIW462: 비율 | SJC462: 응답항목 | SJD462: 응답수 | SJE462: 비율 | SJK462: 응답항목 | SJL462: 응답수 | SJM462: 비율 | SJS462: 응답항목 | SJT462: 응답수 | SJU462: 비율 | SKA462: 응답항목 | SKB462: 응답수 | SKC462: 비율 | SKI462: 응답항목 | SKJ462: 응답수 | SKK462: 비율 | SKQ462: 응답항목 | SKR462: 응답수 | SKS462: 비율 | SKY462: 응답항목 | SKZ462: 응답수 | SLA462: 비율 | SLG462: 응답항목 | SLH462: 응답수 | SLI462: 비율 | SLO462: 응답항목 | SLP462: 응답수 | SLQ462: 비율 | SLW462: 응답항목 | SLX462: 응답수 | SLY462: 비율 | SME462: 응답항목 | SMF462: 응답수 | SMG462: 비율 | SMM462: 응답항목 | SMN462: 응답수 | SMO462: 비율 | SMU462: 응답항목 | SMV462: 응답수 | SMW462: 비율 | SNC462: 응답항목 | SND462: 응답수 | SNE462: 비율 | SNK462: 응답항목 | SNL462: 응답수 | SNM462: 비율 | SNS462: 응답항목 | SNT462: 응답수 | SNU462: 비율 | SOA462: 응답항목 | SOB462: 응답수 | SOC462: 비율 | SOI462: 응답항목 | SOJ462: 응답수 | SOK462: 비율 | SOQ462: 응답항목 | SOR462: 응답수 | SOS462: 비율 | SOY462: 응답항목 | SOZ462: 응답수 | SPA462: 비율 | SPG462: 응답항목 | SPH462: 응답수 | SPI462: 비율 | SPO462: 응답항목 | SPP462: 응답수 | SPQ462: 비율 | SPW462: 응답항목 | SPX462: 응답수 | SPY462: 비율 | SQE462: 응답항목 | SQF462: 응답수 | SQG462: 비율 | SQM462: 응답항목 | SQN462: 응답수 | SQO462: 비율 | SQU462: 응답항목 | SQV462: 응답수 | SQW462: 비율 | SRC462: 응답항목 | SRD462: 응답수 | SRE462: 비율 | SRK462: 응답항목 | SRL462: 응답수 | SRM462: 비율 | SRS462: 응답항목 | SRT462: 응답수 | SRU462: 비율 | SSA462: 응답항목 | SSB462: 응답수 | SSC462: 비율 | SSI462: 응답항목 | SSJ462: 응답수 | SSK462: 비율 | SSQ462: 응답항목 | SSR462: 응답수 | SSS462: 비율 | SSY462: 응답항목 | SSZ462: 응답수 | STA462: 비율 | STG462: 응답항목 | STH462: 응답수 | STI462: 비율 | STO462: 응답항목 | STP462: 응답수 | STQ462: 비율 | STW462: 응답항목 | STX462: 응답수 | STY462: 비율 | SUE462: 응답항목 | SUF462: 응답수 | SUG462: 비율 | SUM462: 응답항목 | SUN462: 응답수 | SUO462: 비율 | SUU462: 응답항목 | SUV462: 응답수 | SUW462: 비율 | SVC462: 응답항목 | SVD462: 응답수 | SVE462: 비율 | SVK462: 응답항목 | SVL462: 응답수 | SVM462: 비율 | SVS462: 응답항목 | SVT462: 응답수 | SVU462: 비율 | SWA462: 응답항목 | SWB462: 응답수 | SWC462: 비율 | SWI462: 응답항목 | SWJ462: 응답수 | SWK462: 비율 | SWQ462: 응답항목 | SWR462: 응답수 | SWS462: 비율 | SWY462: 응답항목 | SWZ462: 응답수 | SXA462: 비율 | SXG462: 응답항목 | SXH462: 응답수 | SXI462: 비율 | SXO462: 응답항목 | SXP462: 응답수 | SXQ462: 비율 | SXW462: 응답항목 | SXX462: 응답수 | SXY462: 비율 | SYE462: 응답항목 | SYF462: 응답수 | SYG462: 비율 | SYM462: 응답항목 | SYN462: 응답수 | SYO462: 비율 | SYU462: 응답항목 | SYV462: 응답수 | SYW462: 비율 | SZC462: 응답항목 | SZD462: 응답수 | SZE462: 비율 | SZK462: 응답항목 | SZL462: 응답수 | SZM462: 비율 | SZS462: 응답항목 | SZT462: 응답수 | SZU462: 비율 | TAA462: 응답항목 | TAB462: 응답수 | TAC462: 비율 | TAI462: 응답항목 | TAJ462: 응답수 | TAK462: 비율 | TAQ462: 응답항목 | TAR462: 응답수 | TAS462: 비율 | TAY462: 응답항목 | TAZ462: 응답수 | TBA462: 비율 | TBG462: 응답항목 | TBH462: 응답수 | TBI462: 비율 | TBO462: 응답항목 | TBP462: 응답수 | TBQ462: 비율 | TBW462: 응답항목 | TBX462: 응답수 | TBY462: 비율 | TCE462: 응답항목 | TCF462: 응답수 | TCG462: 비율 | TCM462: 응답항목 | TCN462: 응답수 | TCO462: 비율 | TCU462: 응답항목 | TCV462: 응답수 | TCW462: 비율 | TDC462: 응답항목 | TDD462: 응답수 | TDE462: 비율 | TDK462: 응답항목 | TDL462: 응답수 | TDM462: 비율 | TDS462: 응답항목 | TDT462: 응답수 | TDU462: 비율 | TEA462: 응답항목 | TEB462: 응답수 | TEC462: 비율 | TEI462: 응답항목 | TEJ462: 응답수 | TEK462: 비율 | TEQ462: 응답항목 | TER462: 응답수 | TES462: 비율 | TEY462: 응답항목 | TEZ462: 응답수 | TFA462: 비율 | TFG462: 응답항목 | TFH462: 응답수 | TFI462: 비율 | TFO462: 응답항목 | TFP462: 응답수 | TFQ462: 비율 | TFW462: 응답항목 | TFX462: 응답수 | TFY462: 비율 | TGE462: 응답항목 | TGF462: 응답수 | TGG462: 비율 | TGM462: 응답항목 | TGN462: 응답수 | TGO462: 비율 | TGU462: 응답항목 | TGV462: 응답수 | TGW462: 비율 | THC462: 응답항목 | THD462: 응답수 | THE462: 비율 | THK462: 응답항목 | THL462: 응답수 | THM462: 비율 | THS462: 응답항목 | THT462: 응답수 | THU462: 비율 | TIA462: 응답항목 | TIB462: 응답수 | TIC462: 비율 | TII462: 응답항목 | TIJ462: 응답수 | TIK462: 비율 | TIQ462: 응답항목 | TIR462: 응답수 | TIS462: 비율 | TIY462: 응답항목 | TIZ462: 응답수 | TJA462: 비율 | TJG462: 응답항목 | TJH462: 응답수 | TJI462: 비율 | TJO462: 응답항목 | TJP462: 응답수 | TJQ462: 비율 | TJW462: 응답항목 | TJX462: 응답수 | TJY462: 비율 | TKE462: 응답항목 | TKF462: 응답수 | TKG462: 비율 | TKM462: 응답항목 | TKN462: 응답수 | TKO462: 비율 | TKU462: 응답항목 | TKV462: 응답수 | TKW462: 비율 | TLC462: 응답항목 | TLD462: 응답수 | TLE462: 비율 | TLK462: 응답항목 | TLL462: 응답수 | TLM462: 비율 | TLS462: 응답항목 | TLT462: 응답수 | TLU462: 비율 | TMA462: 응답항목 | TMB462: 응답수 | TMC462: 비율 | TMI462: 응답항목 | TMJ462: 응답수 | TMK462: 비율 | TMQ462: 응답항목 | TMR462: 응답수 | TMS462: 비율 | TMY462: 응답항목 | TMZ462: 응답수 | TNA462: 비율 | TNG462: 응답항목 | TNH462: 응답수 | TNI462: 비율 | TNO462: 응답항목 | TNP462: 응답수 | TNQ462: 비율 | TNW462: 응답항목 | TNX462: 응답수 | TNY462: 비율 | TOE462: 응답항목 | TOF462: 응답수 | TOG462: 비율 | TOM462: 응답항목 | TON462: 응답수 | TOO462: 비율 | TOU462: 응답항목 | TOV462: 응답수 | TOW462: 비율 | TPC462: 응답항목 | TPD462: 응답수 | TPE462: 비율 | TPK462: 응답항목 | TPL462: 응답수 | TPM462: 비율 | TPS462: 응답항목 | TPT462: 응답수 | TPU462: 비율 | TQA462: 응답항목 | TQB462: 응답수 | TQC462: 비율 | TQI462: 응답항목 | TQJ462: 응답수 | TQK462: 비율 | TQQ462: 응답항목 | TQR462: 응답수 | TQS462: 비율 | TQY462: 응답항목 | TQZ462: 응답수 | TRA462: 비율 | TRG462: 응답항목 | TRH462: 응답수 | TRI462: 비율 | TRO462: 응답항목 | TRP462: 응답수 | TRQ462: 비율 | TRW462: 응답항목 | TRX462: 응답수 | TRY462: 비율 | TSE462: 응답항목 | TSF462: 응답수 | TSG462: 비율 | TSM462: 응답항목 | TSN462: 응답수 | TSO462: 비율 | TSU462: 응답항목 | TSV462: 응답수 | TSW462: 비율 | TTC462: 응답항목 | TTD462: 응답수 | TTE462: 비율 | TTK462: 응답항목 | TTL462: 응답수 | TTM462: 비율 | TTS462: 응답항목 | TTT462: 응답수 | TTU462: 비율 | TUA462: 응답항목 | TUB462: 응답수 | TUC462: 비율 | TUI462: 응답항목 | TUJ462: 응답수 | TUK462: 비율 | TUQ462: 응답항목 | TUR462: 응답수 | TUS462: 비율 | TUY462: 응답항목 | TUZ462: 응답수 | TVA462: 비율 | TVG462: 응답항목 | TVH462: 응답수 | TVI462: 비율 | TVO462: 응답항목 | TVP462: 응답수 | TVQ462: 비율 | TVW462: 응답항목 | TVX462: 응답수 | TVY462: 비율 | TWE462: 응답항목 | TWF462: 응답수 | TWG462: 비율 | TWM462: 응답항목 | TWN462: 응답수 | TWO462: 비율 | TWU462: 응답항목 | TWV462: 응답수 | TWW462: 비율 | TXC462: 응답항목 | TXD462: 응답수 | TXE462: 비율 | TXK462: 응답항목 | TXL462: 응답수 | TXM462: 비율 | TXS462: 응답항목 | TXT462: 응답수 | TXU462: 비율 | TYA462: 응답항목 | TYB462: 응답수 | TYC462: 비율 | TYI462: 응답항목 | TYJ462: 응답수 | TYK462: 비율 | TYQ462: 응답항목 | TYR462: 응답수 | TYS462: 비율 | TYY462: 응답항목 | TYZ462: 응답수 | TZA462: 비율 | TZG462: 응답항목 | TZH462: 응답수 | TZI462: 비율 | TZO462: 응답항목 | TZP462: 응답수 | TZQ462: 비율 | TZW462: 응답항목 | TZX462: 응답수 | TZY462: 비율 | UAE462: 응답항목 | UAF462: 응답수 | UAG462: 비율 | UAM462: 응답항목 | UAN462: 응답수 | UAO462: 비율 | UAU462: 응답항목 | UAV462: 응답수 | UAW462: 비율 | UBC462: 응답항목 | UBD462: 응답수 | UBE462: 비율 | UBK462: 응답항목 | UBL462: 응답수 | UBM462: 비율 | UBS462: 응답항목 | UBT462: 응답수 | UBU462: 비율 | UCA462: 응답항목 | UCB462: 응답수 | UCC462: 비율 | UCI462: 응답항목 | UCJ462: 응답수 | UCK462: 비율 | UCQ462: 응답항목 | UCR462: 응답수 | UCS462: 비율 | UCY462: 응답항목 | UCZ462: 응답수 | UDA462: 비율 | UDG462: 응답항목 | UDH462: 응답수 | UDI462: 비율 | UDO462: 응답항목 | UDP462: 응답수 | UDQ462: 비율 | UDW462: 응답항목 | UDX462: 응답수 | UDY462: 비율 | UEE462: 응답항목 | UEF462: 응답수 | UEG462: 비율 | UEM462: 응답항목 | UEN462: 응답수 | UEO462: 비율 | UEU462: 응답항목 | UEV462: 응답수 | UEW462: 비율 | UFC462: 응답항목 | UFD462: 응답수 | UFE462: 비율 | UFK462: 응답항목 | UFL462: 응답수 | UFM462: 비율 | UFS462: 응답항목 | UFT462: 응답수 | UFU462: 비율 | UGA462: 응답항목 | UGB462: 응답수 | UGC462: 비율 | UGI462: 응답항목 | UGJ462: 응답수 | UGK462: 비율 | UGQ462: 응답항목 | UGR462: 응답수 | UGS462: 비율 | UGY462: 응답항목 | UGZ462: 응답수 | UHA462: 비율 | UHG462: 응답항목 | UHH462: 응답수 | UHI462: 비율 | UHO462: 응답항목 | UHP462: 응답수 | UHQ462: 비율 | UHW462: 응답항목 | UHX462: 응답수 | UHY462: 비율 | UIE462: 응답항목 | UIF462: 응답수 | UIG462: 비율 | UIM462: 응답항목 | UIN462: 응답수 | UIO462: 비율 | UIU462: 응답항목 | UIV462: 응답수 | UIW462: 비율 | UJC462: 응답항목 | UJD462: 응답수 | UJE462: 비율 | UJK462: 응답항목 | UJL462: 응답수 | UJM462: 비율 | UJS462: 응답항목 | UJT462: 응답수 | UJU462: 비율 | UKA462: 응답항목 | UKB462: 응답수 | UKC462: 비율 | UKI462: 응답항목 | UKJ462: 응답수 | UKK462: 비율 | UKQ462: 응답항목 | UKR462: 응답수 | UKS462: 비율 | UKY462: 응답항목 | UKZ462: 응답수 | ULA462: 비율 | ULG462: 응답항목 | ULH462: 응답수 | ULI462: 비율 | ULO462: 응답항목 | ULP462: 응답수 | ULQ462: 비율 | ULW462: 응답항목 | ULX462: 응답수 | ULY462: 비율 | UME462: 응답항목 | UMF462: 응답수 | UMG462: 비율 | UMM462: 응답항목 | UMN462: 응답수 | UMO462: 비율 | UMU462: 응답항목 | UMV462: 응답수 | UMW462: 비율 | UNC462: 응답항목 | UND462: 응답수 | UNE462: 비율 | UNK462: 응답항목 | UNL462: 응답수 | UNM462: 비율 | UNS462: 응답항목 | UNT462: 응답수 | UNU462: 비율 | UOA462: 응답항목 | UOB462: 응답수 | UOC462: 비율 | UOI462: 응답항목 | UOJ462: 응답수 | UOK462: 비율 | UOQ462: 응답항목 | UOR462: 응답수 | UOS462: 비율 | UOY462: 응답항목 | UOZ462: 응답수 | UPA462: 비율 | UPG462: 응답항목 | UPH462: 응답수 | UPI462: 비율 | UPO462: 응답항목 | UPP462: 응답수 | UPQ462: 비율 | UPW462: 응답항목 | UPX462: 응답수 | UPY462: 비율 | UQE462: 응답항목 | UQF462: 응답수 | UQG462: 비율 | UQM462: 응답항목 | UQN462: 응답수 | UQO462: 비율 | UQU462: 응답항목 | UQV462: 응답수 | UQW462: 비율 | URC462: 응답항목 | URD462: 응답수 | URE462: 비율 | URK462: 응답항목 | URL462: 응답수 | URM462: 비율 | URS462: 응답항목 | URT462: 응답수 | URU462: 비율 | USA462: 응답항목 | USB462: 응답수 | USC462: 비율 | USI462: 응답항목 | USJ462: 응답수 | USK462: 비율 | USQ462: 응답항목 | USR462: 응답수 | USS462: 비율 | USY462: 응답항목 | USZ462: 응답수 | UTA462: 비율 | UTG462: 응답항목 | UTH462: 응답수 | UTI462: 비율 | UTO462: 응답항목 | UTP462: 응답수 | UTQ462: 비율 | UTW462: 응답항목 | UTX462: 응답수 | UTY462: 비율 | UUE462: 응답항목 | UUF462: 응답수 | UUG462: 비율 | UUM462: 응답항목 | UUN462: 응답수 | UUO462: 비율 | UUU462: 응답항목 | UUV462: 응답수 | UUW462: 비율 | UVC462: 응답항목 | UVD462: 응답수 | UVE462: 비율 | UVK462: 응답항목 | UVL462: 응답수 | UVM462: 비율 | UVS462: 응답항목 | UVT462: 응답수 | UVU462: 비율 | UWA462: 응답항목 | UWB462: 응답수 | UWC462: 비율 | UWI462: 응답항목 | UWJ462: 응답수 | UWK462: 비율 | UWQ462: 응답항목 | UWR462: 응답수 | UWS462: 비율 | UWY462: 응답항목 | UWZ462: 응답수 | UXA462: 비율 | UXG462: 응답항목 | UXH462: 응답수 | UXI462: 비율 | UXO462: 응답항목 | UXP462: 응답수 | UXQ462: 비율 | UXW462: 응답항목 | UXX462: 응답수 | UXY462: 비율 | UYE462: 응답항목 | UYF462: 응답수 | UYG462: 비율 | UYM462: 응답항목 | UYN462: 응답수 | UYO462: 비율 | UYU462: 응답항목 | UYV462: 응답수 | UYW462: 비율 | UZC462: 응답항목 | UZD462: 응답수 | UZE462: 비율 | UZK462: 응답항목 | UZL462: 응답수 | UZM462: 비율 | UZS462: 응답항목 | UZT462: 응답수 | UZU462: 비율 | VAA462: 응답항목 | VAB462: 응답수 | VAC462: 비율 | VAI462: 응답항목 | VAJ462: 응답수 | VAK462: 비율 | VAQ462: 응답항목 | VAR462: 응답수 | VAS462: 비율 | VAY462: 응답항목 | VAZ462: 응답수 | VBA462: 비율 | VBG462: 응답항목 | VBH462: 응답수 | VBI462: 비율 | VBO462: 응답항목 | VBP462: 응답수 | VBQ462: 비율 | VBW462: 응답항목 | VBX462: 응답수 | VBY462: 비율 | VCE462: 응답항목 | VCF462: 응답수 | VCG462: 비율 | VCM462: 응답항목 | VCN462: 응답수 | VCO462: 비율 | VCU462: 응답항목 | VCV462: 응답수 | VCW462: 비율 | VDC462: 응답항목 | VDD462: 응답수 | VDE462: 비율 | VDK462: 응답항목 | VDL462: 응답수 | VDM462: 비율 | VDS462: 응답항목 | VDT462: 응답수 | VDU462: 비율 | VEA462: 응답항목 | VEB462: 응답수 | VEC462: 비율 | VEI462: 응답항목 | VEJ462: 응답수 | VEK462: 비율 | VEQ462: 응답항목 | VER462: 응답수 | VES462: 비율 | VEY462: 응답항목 | VEZ462: 응답수 | VFA462: 비율 | VFG462: 응답항목 | VFH462: 응답수 | VFI462: 비율 | VFO462: 응답항목 | VFP462: 응답수 | VFQ462: 비율 | VFW462: 응답항목 | VFX462: 응답수 | VFY462: 비율 | VGE462: 응답항목 | VGF462: 응답수 | VGG462: 비율 | VGM462: 응답항목 | VGN462: 응답수 | VGO462: 비율 | VGU462: 응답항목 | VGV462: 응답수 | VGW462: 비율 | VHC462: 응답항목 | VHD462: 응답수 | VHE462: 비율 | VHK462: 응답항목 | VHL462: 응답수 | VHM462: 비율 | VHS462: 응답항목 | VHT462: 응답수 | VHU462: 비율 | VIA462: 응답항목 | VIB462: 응답수 | VIC462: 비율 | VII462: 응답항목 | VIJ462: 응답수 | VIK462: 비율 | VIQ462: 응답항목 | VIR462: 응답수 | VIS462: 비율 | VIY462: 응답항목 | VIZ462: 응답수 | VJA462: 비율 | VJG462: 응답항목 | VJH462: 응답수 | VJI462: 비율 | VJO462: 응답항목 | VJP462: 응답수 | VJQ462: 비율 | VJW462: 응답항목 | VJX462: 응답수 | VJY462: 비율 | VKE462: 응답항목 | VKF462: 응답수 | VKG462: 비율 | VKM462: 응답항목 | VKN462: 응답수 | VKO462: 비율 | VKU462: 응답항목 | VKV462: 응답수 | VKW462: 비율 | VLC462: 응답항목 | VLD462: 응답수 | VLE462: 비율 | VLK462: 응답항목 | VLL462: 응답수 | VLM462: 비율 | VLS462: 응답항목 | VLT462: 응답수 | VLU462: 비율 | VMA462: 응답항목 | VMB462: 응답수 | VMC462: 비율 | VMI462: 응답항목 | VMJ462: 응답수 | VMK462: 비율 | VMQ462: 응답항목 | VMR462: 응답수 | VMS462: 비율 | VMY462: 응답항목 | VMZ462: 응답수 | VNA462: 비율 | VNG462: 응답항목 | VNH462: 응답수 | VNI462: 비율 | VNO462: 응답항목 | VNP462: 응답수 | VNQ462: 비율 | VNW462: 응답항목 | VNX462: 응답수 | VNY462: 비율 | VOE462: 응답항목 | VOF462: 응답수 | VOG462: 비율 | VOM462: 응답항목 | VON462: 응답수 | VOO462: 비율 | VOU462: 응답항목 | VOV462: 응답수 | VOW462: 비율 | VPC462: 응답항목 | VPD462: 응답수 | VPE462: 비율 | VPK462: 응답항목 | VPL462: 응답수 | VPM462: 비율 | VPS462: 응답항목 | VPT462: 응답수 | VPU462: 비율 | VQA462: 응답항목 | VQB462: 응답수 | VQC462: 비율 | VQI462: 응답항목 | VQJ462: 응답수 | VQK462: 비율 | VQQ462: 응답항목 | VQR462: 응답수 | VQS462: 비율 | VQY462: 응답항목 | VQZ462: 응답수 | VRA462: 비율 | VRG462: 응답항목 | VRH462: 응답수 | VRI462: 비율 | VRO462: 응답항목 | VRP462: 응답수 | VRQ462: 비율 | VRW462: 응답항목 | VRX462: 응답수 | VRY462: 비율 | VSE462: 응답항목 | VSF462: 응답수 | VSG462: 비율 | VSM462: 응답항목 | VSN462: 응답수 | VSO462: 비율 | VSU462: 응답항목 | VSV462: 응답수 | VSW462: 비율 | VTC462: 응답항목 | VTD462: 응답수 | VTE462: 비율 | VTK462: 응답항목 | VTL462: 응답수 | VTM462: 비율 | VTS462: 응답항목 | VTT462: 응답수 | VTU462: 비율 | VUA462: 응답항목 | VUB462: 응답수 | VUC462: 비율 | VUI462: 응답항목 | VUJ462: 응답수 | VUK462: 비율 | VUQ462: 응답항목 | VUR462: 응답수 | VUS462: 비율 | VUY462: 응답항목 | VUZ462: 응답수 | VVA462: 비율 | VVG462: 응답항목 | VVH462: 응답수 | VVI462: 비율 | VVO462: 응답항목 | VVP462: 응답수 | VVQ462: 비율 | VVW462: 응답항목 | VVX462: 응답수 | VVY462: 비율 | VWE462: 응답항목 | VWF462: 응답수 | VWG462: 비율 | VWM462: 응답항목 | VWN462: 응답수 | VWO462: 비율 | VWU462: 응답항목 | VWV462: 응답수 | VWW462: 비율 | VXC462: 응답항목 | VXD462: 응답수 | VXE462: 비율 | VXK462: 응답항목 | VXL462: 응답수 | VXM462: 비율 | VXS462: 응답항목 | VXT462: 응답수 | VXU462: 비율 | VYA462: 응답항목 | VYB462: 응답수 | VYC462: 비율 | VYI462: 응답항목 | VYJ462: 응답수 | VYK462: 비율 | VYQ462: 응답항목 | VYR462: 응답수 | VYS462: 비율 | VYY462: 응답항목 | VYZ462: 응답수 | VZA462: 비율 | VZG462: 응답항목 | VZH462: 응답수 | VZI462: 비율 | VZO462: 응답항목 | VZP462: 응답수 | VZQ462: 비율 | VZW462: 응답항목 | VZX462: 응답수 | VZY462: 비율 | WAE462: 응답항목 | WAF462: 응답수 | WAG462: 비율 | WAM462: 응답항목 | WAN462: 응답수 | WAO462: 비율 | WAU462: 응답항목 | WAV462: 응답수 | WAW462: 비율 | WBC462: 응답항목 | WBD462: 응답수 | WBE462: 비율 | WBK462: 응답항목 | WBL462: 응답수 | WBM462: 비율 | WBS462: 응답항목 | WBT462: 응답수 | WBU462: 비율 | WCA462: 응답항목 | WCB462: 응답수 | WCC462: 비율 | WCI462: 응답항목 | WCJ462: 응답수 | WCK462: 비율 | WCQ462: 응답항목 | WCR462: 응답수 | WCS462: 비율 | WCY462: 응답항목 | WCZ462: 응답수 | WDA462: 비율 | WDG462: 응답항목 | WDH462: 응답수 | WDI462: 비율 | WDO462: 응답항목 | WDP462: 응답수 | WDQ462: 비율 | WDW462: 응답항목 | WDX462: 응답수 | WDY462: 비율 | WEE462: 응답항목 | WEF462: 응답수 | WEG462: 비율 | WEM462: 응답항목 | WEN462: 응답수 | WEO462: 비율 | WEU462: 응답항목 | WEV462: 응답수 | WEW462: 비율 | WFC462: 응답항목 | WFD462: 응답수 | WFE462: 비율 | WFK462: 응답항목 | WFL462: 응답수 | WFM462: 비율 | WFS462: 응답항목 | WFT462: 응답수 | WFU462: 비율 | WGA462: 응답항목 | WGB462: 응답수 | WGC462: 비율 | WGI462: 응답항목 | WGJ462: 응답수 | WGK462: 비율 | WGQ462: 응답항목 | WGR462: 응답수 | WGS462: 비율 | WGY462: 응답항목 | WGZ462: 응답수 | WHA462: 비율 | WHG462: 응답항목 | WHH462: 응답수 | WHI462: 비율 | WHO462: 응답항목 | WHP462: 응답수 | WHQ462: 비율 | WHW462: 응답항목 | WHX462: 응답수 | WHY462: 비율 | WIE462: 응답항목 | WIF462: 응답수 | WIG462: 비율 | WIM462: 응답항목 | WIN462: 응답수 | WIO462: 비율 | WIU462: 응답항목 | WIV462: 응답수 | WIW462: 비율 | WJC462: 응답항목 | WJD462: 응답수 | WJE462: 비율 | WJK462: 응답항목 | WJL462: 응답수 | WJM462: 비율 | WJS462: 응답항목 | WJT462: 응답수 | WJU462: 비율 | WKA462: 응답항목 | WKB462: 응답수 | WKC462: 비율 | WKI462: 응답항목 | WKJ462: 응답수 | WKK462: 비율 | WKQ462: 응답항목 | WKR462: 응답수 | WKS462: 비율 | WKY462: 응답항목 | WKZ462: 응답수 | WLA462: 비율 | WLG462: 응답항목 | WLH462: 응답수 | WLI462: 비율 | WLO462: 응답항목 | WLP462: 응답수 | WLQ462: 비율 | WLW462: 응답항목 | WLX462: 응답수 | WLY462: 비율 | WME462: 응답항목 | WMF462: 응답수 | WMG462: 비율 | WMM462: 응답항목 | WMN462: 응답수 | WMO462: 비율 | WMU462: 응답항목 | WMV462: 응답수 | WMW462: 비율 | WNC462: 응답항목 | WND462: 응답수 | WNE462: 비율 | WNK462: 응답항목 | WNL462: 응답수 | WNM462: 비율 | WNS462: 응답항목 | WNT462: 응답수 | WNU462: 비율 | WOA462: 응답항목 | WOB462: 응답수 | WOC462: 비율 | WOI462: 응답항목 | WOJ462: 응답수 | WOK462: 비율 | WOQ462: 응답항목 | WOR462: 응답수 | WOS462: 비율 | WOY462: 응답항목 | WOZ462: 응답수 | WPA462: 비율 | WPG462: 응답항목 | WPH462: 응답수 | WPI462: 비율 | WPO462: 응답항목 | WPP462: 응답수 | WPQ462: 비율 | WPW462: 응답항목 | WPX462: 응답수 | WPY462: 비율 | WQE462: 응답항목 | WQF462: 응답수 | WQG462: 비율 | WQM462: 응답항목 | WQN462: 응답수 | WQO462: 비율 | WQU462: 응답항목 | WQV462: 응답수 | WQW462: 비율 | WRC462: 응답항목 | WRD462: 응답수 | WRE462: 비율 | WRK462: 응답항목 | WRL462: 응답수 | WRM462: 비율 | WRS462: 응답항목 | WRT462: 응답수 | WRU462: 비율 | WSA462: 응답항목 | WSB462: 응답수 | WSC462: 비율 | WSI462: 응답항목 | WSJ462: 응답수 | WSK462: 비율 | WSQ462: 응답항목 | WSR462: 응답수 | WSS462: 비율 | WSY462: 응답항목 | WSZ462: 응답수 | WTA462: 비율 | WTG462: 응답항목 | WTH462: 응답수 | WTI462: 비율 | WTO462: 응답항목 | WTP462: 응답수 | WTQ462: 비율 | WTW462: 응답항목 | WTX462: 응답수 | WTY462: 비율 | WUE462: 응답항목 | WUF462: 응답수 | WUG462: 비율 | WUM462: 응답항목 | WUN462: 응답수 | WUO462: 비율 | WUU462: 응답항목 | WUV462: 응답수 | WUW462: 비율 | WVC462: 응답항목 | WVD462: 응답수 | WVE462: 비율 | WVK462: 응답항목 | WVL462: 응답수 | WVM462: 비율 | WVS462: 응답항목 | WVT462: 응답수 | WVU462: 비율 | WWA462: 응답항목 | WWB462: 응답수 | WWC462: 비율 | WWI462: 응답항목 | WWJ462: 응답수 | WWK462: 비율 | WWQ462: 응답항목 | WWR462: 응답수 | WWS462: 비율 | WWY462: 응답항목 | WWZ462: 응답수 | WXA462: 비율 | WXG462: 응답항목 | WXH462: 응답수 | WXI462: 비율 | WXO462: 응답항목 | WXP462: 응답수 | WXQ462: 비율 | WXW462: 응답항목 | WXX462: 응답수 | WXY462: 비율 | WYE462: 응답항목 | WYF462: 응답수 | WYG462: 비율 | WYM462: 응답항목 | WYN462: 응답수 | WYO462: 비율 | WYU462: 응답항목 | WYV462: 응답수 | WYW462: 비율 | WZC462: 응답항목 | WZD462: 응답수 | WZE462: 비율 | WZK462: 응답항목 | WZL462: 응답수 | WZM462: 비율 | WZS462: 응답항목 | WZT462: 응답수 | WZU462: 비율 | XAA462: 응답항목 | XAB462: 응답수 | XAC462: 비율 | XAI462: 응답항목 | XAJ462: 응답수 | XAK462: 비율 | XAQ462: 응답항목 | XAR462: 응답수 | XAS462: 비율 | XAY462: 응답항목 | XAZ462: 응답수 | XBA462: 비율 | XBG462: 응답항목 | XBH462: 응답수 | XBI462: 비율 | XBO462: 응답항목 | XBP462: 응답수 | XBQ462: 비율 | XBW462: 응답항목 | XBX462: 응답수 | XBY462: 비율 | XCE462: 응답항목 | XCF462: 응답수 | XCG462: 비율 | XCM462: 응답항목 | XCN462: 응답수 | XCO462: 비율 | XCU462: 응답항목 | XCV462: 응답수 | XCW462: 비율 | XDC462: 응답항목 | XDD462: 응답수 | XDE462: 비율 | XDK462: 응답항목 | XDL462: 응답수 | XDM462: 비율 | XDS462: 응답항목 | XDT462: 응답수 | XDU462: 비율 | XEA462: 응답항목 | XEB462: 응답수 | XEC462: 비율 | XEI462: 응답항목 | XEJ462: 응답수 | XEK462: 비율 | XEQ462: 응답항목 | XER462: 응답수 | XES462: 비율 | XEY462: 응답항목 | XEZ462: 응답수 | XFA462: 비율
